10742;0;8;483;652;35;0;-1
10743;0;8;622;672;35;0;-1
10744;0;8;526;685;35;0;-1
10745;0;8;541;715;35;0;-1
10746;0;8;547;665;36;0;-1
10747;0;8;561;699;36;0;-1
10748;0;8;600;727;36;0;-1
10749;0;8;533;647;37;0;-1
10750;1;8;571;727;37;0;-1
10751;1;8;554;745;38;0;-1
10752;0;8;565;622;38;0;-1
10753;0;8;538;606;39;0;-1
10754;0;8;471;640;39;0;-1
10755;0;8;564;684;39;0;-1
10756;0;8;478;686;39;0;-1
10757;1;8;593;699;39;0;-1
10758;1;8;517;702;39;0;-1
10759;0;8;473;751;39;0;-1
10760;0;8;537;556;40;0;-1
10761;0;8;595;584;40;0;-1
10762;0;8;577;639;40;0;-1
10763;0;8;515;647;40;0;-1
10764;0;8;603;659;40;0;-1
10765;0;8;504;663;40;0;-1
10766;0;8;619;686;40;0;-1
10767;1;8;580;768;40;0;-1
10768;0;8;500;580;41;0;-1
10769;0;8;592;582;41;0;-1
10770;0;8;598;606;41;0;-1
10771;0;8;482;618;41;0;-1
10772;0;8;618;639;41;0;-1
10773;1;8;640;733;41;0;-1
10774;1;8;534;737;41;0;-1
10775;1;8;565;756;41;0;-1
10776;0;8;558;791;41;0;-1
10777;0;8;578;648;42;0;-1
10778;0;8;466;669;42;0;-1
10779;1;8;490;688;42;0;-1
10780;1;8;588;712;42;0;-1
10781;1;8;518;775;42;0;-1
10782;0;8;563;586;42;0;-1
10783;0;8;628;616;42;0;-1
10784;0;8;507;629;42;0;-1
10785;0;8;637;659;42;0;-1
10786;0;8;672;659;42;0;-1
10787;1;8;552;690;42;0;-1
10788;0;8;447;691;42;0;-1
10789;1;8;616;735;43;0;-1
10790;0;8;537;574;43;0;-1
10791;0;8;522;602;43;0;-1
10792;0;8;447;616;43;0;-1
10793;0;8;576;618;43;0;-1
10794;0;8;543;631;44;0;-1
10795;0;8;488;639;43;0;-1
10796;1;8;641;691;43;0;-1
10797;1;8;491;729;43;0;-1
10798;0;8;446;733;43;0;-1
10799;1;8;607;790;43;0;-1
10800;0;8;564;564;44;0;-1
10801;0;8;463;623;44;0;-1
10802;0;8;424;665;44;0;-1
10803;1;8;623;677;44;0;-1
10804;0;8;467;704;44;0;-1
10805;0;8;694;707;44;0;-1
10806;1;8;609;711;44;0;-1
10807;1;8;473;726;44;0;-1
10808;1;8;517;727;44;0;-1
10809;1;8;543;757;44;0;-1
10810;1;8;489;765;44;0;-1
10811;0;8;455;576;46;0;-1
10812;0;8;630;591;45;0;-1
10813;0;8;475;592;45;0;-1
10814;1;8;642;692;46;0;-1
10815;1;8;662;711;45;0;-1
10816;0;8;417;727;45;0;-1
10817;1;8;603;756;45;0;-1
10818;1;8;617;762;45;0;-1
10819;0;8;531;538;46;0;-1
10820;0;8;705;622;46;0;-1
10821;0;8;400;662;46;0;-1
10822;0;8;654;671;46;0;-1
10823;0;8;421;695;46;0;-1
10824;1;8;453;729;46;0;-1
10825;1;8;644;759;46;0;-1
10826;0;8;632;562;47;0;-1
10827;0;8;457;575;47;0;-1
10828;0;8;557;583;48;0;-1
10829;0;8;650;589;47;0;-1
10830;0;8;427;595;47;0;-1
10831;0;8;664;603;47;0;-1
10832;0;8;499;611;47;0;-1
10833;0;8;663;624;47;0;-1
10834;0;8;406;633;47;0;-1
10835;1;8;587;637;48;0;-1
10836;0;8;447;646;48;0;-1
10837;1;8;475;655;47;0;-1
10838;1;8;533;667;47;0;-1
10839;1;8;568;667;47;0;-1
10840;1;8;576;685;47;0;-1
10841;0;8;440;707;47;0;-1
10842;1;8;631;715;47;0;-1
10843;1;8;563;729;47;0;-1
10844;1;8;590;735;47;0;-1
10845;1;8;510;748;48;0;-1
10846;1;8;522;776;47;0;-1
10847;0;8;456;793;47;0;-1
10848;0;8;634;805;47;0;-1
10849;0;8;568;544;48;0;-1
10850;0;8;546;559;49;0;-1
10851;0;8;613;570;48;0;-1
10852;0;8;587;574;48;0;-1
10853;0;8;640;624;48;0;-1
10854;1;8;627;657;49;0;-1
10855;0;8;454;670;48;0;-1
10856;1;8;507;679;48;0;-1
10857;1;8;504;711;48;0;-1
10858;1;8;664;748;48;0;-1
10859;1;8;464;753;48;0;-1
10860;1;8;483;794;48;0;-1
10861;0;8;551;531;50;0;-1
10862;0;8;507;533;49;0;-1
10863;0;8;422;540;49;0;-1
10864;0;8;467;551;49;0;-1
10865;0;8;619;552;49;0;-1
10866;0;8;505;554;49;0;-1
10867;0;8;523;578;49;0;-1
10868;0;8;583;596;49;0;-1
10869;1;8;581;664;49;0;-1
10870;0;8;416;669;49;0;-1
10871;0;8;378;703;49;0;-1
10872;1;8;565;778;49;0;-1
10873;1;8;545;791;49;0;-1
10874;0;8;450;501;51;0;-1
10875;0;8;632;530;50;0;-1
10876;0;8;484;542;50;0;-1
10877;0;8;449;596;50;0;-1
10878;0;8;621;614;50;0;-1
10879;1;8;659;670;51;0;-1
10880;0;8;394;703;50;0;-1
10881;1;8;424;727;51;0;-1
10882;0;8;709;741;50;0;-1
10883;0;8;393;742;50;0;-1
10884;1;8;455;770;50;0;-1
10885;1;8;572;796;50;0;-1
10886;0;8;495;525;51;0;-1
10887;0;8;466;527;51;0;-1
10888;0;8;676;554;51;0;-1
10889;0;8;436;555;51;0;-1
10890;0;8;627;596;51;0;-1
10891;0;8;601;613;51;0;-1
10892;1;8;689;633;51;0;-1
10893;1;8;675;640;51;0;-1
10894;0;8;721;673;51;0;-1
10895;1;8;602;681;51;0;-1
10896;1;8;673;695;51;0;-1
10897;1;8;569;699;51;0;-1
10898;1;8;432;763;51;0;-1
10899;0;8;551;507;52;0;-1
10900;0;8;519;513;52;0;-1
10901;0;8;611;523;52;0;-1
10902;0;8;658;562;52;0;-1
10903;0;8;469;568;52;0;-1
10904;0;8;402;598;52;0;-1
10905;0;8;555;604;53;0;-1
10906;0;8;377;662;53;0;-1
10907;0;8;398;686;52;0;-1
10908;1;8;701;686;52;0;-1
10909;1;8;467;691;52;0;-1
10910;1;8;417;751;52;0;-1
10911;1;8;585;757;53;0;-1
10912;0;8;528;492;54;0;-1
10913;0;8;586;541;54;0;-1
10914;0;8;599;545;54;0;-1
10915;0;8;562;554;54;0;-1
10916;0;8;382;588;54;0;-1
10917;0;8;531;619;54;0;-1
10918;0;8;363;633;54;0;-1
10919;1;8;421;689;54;0;-1
10920;0;8;369;697;54;0;-1
10921;1;8;676;727;54;0;-1
10922;1;8;530;753;54;0;-1
10923;0;8;374;754;54;0;-1
10924;1;8;620;785;54;0;-1
10925;0;8;558;471;55;0;-1
10926;0;8;442;519;55;0;-1
10927;0;8;565;521;55;0;-1
10928;0;8;681;591;55;0;-1
10929;0;8;512;593;55;0;-1
10930;0;8;693;603;55;0;-1
10931;0;8;380;630;55;0;-1
10932;1;8;661;643;55;0;-1
10933;1;8;623;650;55;0;-1
10934;1;8;485;683;55;0;-1
10935;1;8;541;695;55;0;-1
10936;1;8;612;721;55;0;-1
10937;1;8;689;754;55;0;-1
10938;1;8;430;787;55;0;-1
10939;1;8;612;804;55;0;-1
10940;0;8;394;426;55;0;-1
10941;0;8;585;457;56;0;-1
10942;0;8;624;480;56;0;-1
10943;0;8;574;505;55;0;-1
10944;0;8;490;574;55;0;-1
10945;0;8;425;578;55;0;-1
10946;0;8;584;593;55;0;-1
10947;0;8;481;599;55;0;-1
10948;0;8;477;625;55;0;-1
10949;0;8;714;649;55;0;-1
10950;1;8;689;677;55;0;-1
10951;1;8;708;709;55;0;-1
10952;1;8;493;718;55;0;-1
10953;1;8;385;720;55;0;-1
10954;1;8;547;770;55;0;-1
10955;1;8;472;804;55;0;-1
10956;1;8;584;825;55;0;-1
10957;0;8;476;461;56;0;-1
10958;0;8;499;471;57;0;-1
10959;0;8;473;483;56;0;-1
10960;0;8;512;506;56;0;-1
10961;0;8;596;513;56;0;-1
10962;0;8;718;546;56;0;-1
10963;0;8;525;559;56;0;-1
10964;0;8;642;562;56;0;-1
10965;0;8;695;566;57;0;-1
10966;0;8;664;572;56;0;-1
10967;0;8;443;614;56;0;-1
10968;0;8;412;627;57;0;-1
10969;0;8;394;646;56;0;-1
10970;0;8;349;648;56;0;-1
10971;0;8;423;654;56;0;-1
10972;1;8;497;654;56;0;-1
10973;0;8;450;674;56;0;-1
10974;1;8;363;723;56;0;-1
10975;1;8;402;729;57;0;-1
10976;1;8;474;737;56;0;-1
10977;1;8;398;766;56;0;-1
10978;1;8;641;779;56;0;-1
10979;1;8;655;794;57;0;-1
10980;0;8;679;806;56;0;-1
10981;0;8;658;476;57;0;-1
10982;0;8;426;503;57;0;-1
10983;0;8;448;525;57;0;-1
10984;0;8;492;530;57;0;-1
10985;0;8;580;529;57;0;-1
10986;0;8;385;568;57;0;-1
10987;0;8;417;607;57;0;-1
10988;0;8;458;647;58;0;-1
10989;1;8;492;754;58;0;-1
10990;1;8;613;760;57;0;-1
10991;1;8;451;761;58;0;-1
10992;0;8;593;490;58;0;-1
10993;0;8;548;497;58;0;-1
10994;0;8;541;518;58;0;-1
10995;0;8;667;534;58;0;-1
10996;0;8;401;547;59;0;-1
10997;0;8;419;547;58;0;-1
10998;0;8;456;548;58;0;-1
10999;0;8;474;565;59;0;-1
11000;0;8;543;578;58;0;-1
11001;0;8;332;583;58;0;-1
11002;0;8;600;593;58;0;-1
11003;0;8;537;596;58;0;-1
11004;0;8;356;604;58;0;-1
11005;0;8;670;609;59;0;-1
11006;0;8;504;624;58;0;-1
11007;0;8;631;627;58;0;-1
11008;1;8;578;643;58;0;-1
11009;1;8;679;661;58;0;-1
11010;0;8;360;668;58;0;-1
11011;1;8;637;696;58;0;-1
11012;1;8;686;699;58;0;-1
11013;1;8;381;700;58;0;-1
11014;1;8;410;716;58;0;-1
11015;1;8;598;722;58;0;-1
11016;1;8;727;722;58;0;-1
11017;1;8;644;728;58;0;-1
11018;1;8;433;729;58;0;-1
11019;1;8;458;733;58;0;-1
11020;1;8;569;765;58;0;-1
11021;1;8;665;770;58;0;-1
11022;0;8;720;775;58;0;-1
11023;1;8;587;788;58;0;-1
11024;0;8;629;836;58;0;-1
11025;0;8;448;480;59;0;-1
11026;0;8;663;503;59;0;-1
11027;0;8;629;506;59;0;-1
11028;0;8;453;509;59;0;-1
11029;0;8;685;520;59;0;-1
11030;0;8;404;523;59;0;-1
11031;0;8;524;526;59;0;-1
11032;0;8;651;541;60;0;-1
11033;0;8;601;543;59;0;-1
11034;0;8;571;562;60;0;-1
11035;0;8;720;575;60;0;-1
11036;0;8;462;621;59;0;-1
11037;1;8;563;625;59;0;-1
11038;0;8;600;637;60;0;-1
11039;1;8;706;640;59;0;-1
11040;0;8;329;659;59;0;-1
11041;1;8;645;681;60;0;-1
11042;0;8;763;707;59;0;-1
11043;1;8;512;727;59;0;-1
11044;0;8;342;729;59;0;-1
11045;1;8;538;752;60;0;-1
11046;1;8;482;773;59;0;-1
11047;1;8;604;778;59;0;-1
11048;1;8;414;791;59;0;-1
11049;0;8;389;800;59;0;-1
11050;0;8;450;820;59;0;-1
11051;1;8;520;825;59;0;-1
11052;0;8;536;448;60;0;-1
11053;0;8;510;462;61;0;-1
11054;0;8;512;485;60;0;-1
11055;0;8;493;498;61;0;-1
11056;0;8;706;502;61;0;-1
11057;0;8;578;520;61;0;-1
11058;0;8;683;544;60;0;-1
11059;0;8;545;547;60;0;-1
11060;0;8;366;556;60;0;-1
11061;0;8;359;581;60;0;-1
11062;0;8;330;606;60;0;-1
11063;1;8;689;627;60;0;-1
11064;0;8;530;628;60;0;-1
11065;0;8;758;629;61;0;-1
11066;0;8;371;642;60;0;-1
11067;0;8;724;649;60;0;-1
11068;0;8;381;684;60;0;-1
11069;1;8;490;694;60;0;-1
11070;0;8;335;699;60;0;-1
11071;1;8;366;752;60;0;-1
11072;1;8;515;791;60;0;-1
11073;1;8;565;821;60;0;-1
11074;1;8;489;822;60;0;-1
11075;0;8;516;877;60;0;-1
11076;0;8;454;411;61;0;-1
11077;0;8;525;425;62;0;-1
11078;0;8;497;447;61;0;-1
11079;0;8;460;461;61;0;-1
11080;0;8;415;467;62;0;-1
11081;0;8;474;498;61;0;-1
11082;0;8;404;569;61;0;-1
11083;0;8;753;575;61;0;-1
11084;0;8;490;581;61;0;-1
11085;0;8;634;591;62;0;-1
11086;0;8;380;664;61;0;-1
11087;1;8;517;670;61;0;-1
11088;1;8;466;685;61;0;-1
11089;1;8;543;691;62;0;-1
11090;1;8;448;699;61;0;-1
11091;0;8;306;729;62;0;-1
11092;0;8;467;431;62;0;-1
11093;0;8;628;449;62;0;-1
11094;0;8;429;451;62;0;-1
11095;0;8;598;473;63;0;-1
11096;0;8;628;477;62;0;-1
11097;0;8;569;485;62;0;-1
11098;0;8;658;518;62;0;-1
11099;0;8;349;529;62;0;-1
11100;0;8;478;543;62;0;-1
11101;0;8;715;552;62;0;-1
11102;0;8;506;560;62;0;-1
11103;0;8;650;566;63;0;-1
11104;0;8;621;583;62;0;-1
11105;0;8;341;632;62;0;-1
11106;1;8;630;652;62;0;-1
11107;0;8;429;660;62;0;-1
11108;1;8;459;661;62;0;-1
11109;1;8;707;671;62;0;-1
11110;1;8;599;675;62;0;-1
11111;0;8;310;682;62;0;-1
11112;0;8;355;687;62;0;-1
11113;1;8;559;700;62;0;-1
11114;1;8;733;711;62;0;-1
11115;1;8;663;721;62;0;-1
11116;1;8;606;750;62;0;-1
11117;1;8;342;750;62;0;-1
11118;1;8;474;759;62;0;-1
11119;1;8;569;780;62;0;-1
11120;0;8;480;460;64;0;-1
11121;0;8;542;477;64;0;-1
11122;0;8;525;483;64;0;-1
11123;0;8;419;502;64;0;-1
11124;0;8;709;502;65;0;-1
11125;0;8;414;530;64;0;-1
11126;0;8;448;580;64;0;-1
11127;0;8;396;606;64;0;-1
11128;0;8;347;654;64;0;-1
11129;0;8;757;659;64;0;-1
11130;1;8;563;667;64;0;-1
11131;0;8;317;717;64;0;-1
11132;1;8;584;745;64;0;-1
11133;1;8;429;775;64;0;-1
11134;1;8;379;784;64;0;-1
11135;1;8;426;799;64;0;-1
11136;1;8;651;806;64;0;-1
11137;1;8;581;807;64;0;-1
11138;0;8;500;410;66;0;-1
11139;0;8;663;479;65;0;-1
11140;0;8;376;491;65;0;-1
11141;0;8;699;525;65;0;-1
11142;0;8;442;526;65;0;-1
11143;0;8;353;528;65;0;-1
11144;0;8;367;544;65;0;-1
11145;0;8;382;586;65;0;-1
11146;0;8;440;604;65;0;-1
11147;1;8;490;644;65;0;-1
11148;1;8;575;680;65;0;-1
11149;1;8;750;696;65;0;-1
11150;1;8;445;714;65;0;-1
11151;1;8;717;768;65;0;-1
11152;1;8;496;798;65;0;-1
11153;1;8;527;848;65;0;-1
11154;0;8;565;420;66;0;-1
11155;0;8;596;424;66;0;-1
11156;0;8;449;437;66;0;-1
11157;0;8;686;475;66;0;-1
11158;0;8;603;563;67;0;-1
11159;0;8;739;565;66;0;-1
11160;0;8;699;567;66;0;-1
11161;0;8;699;586;66;0;-1
11162;0;8;716;589;66;0;-1
11163;0;8;291;598;66;0;-1
11164;0;8;561;611;66;0;-1
11165;0;8;321;617;66;0;-1
11166;0;8;309;630;66;0;-1
11167;0;8;391;631;66;0;-1
11168;0;8;306;655;66;0;-1
11169;0;8;405;660;66;0;-1
11170;0;8;319;673;66;0;-1
11171;1;8;617;697;66;0;-1
11172;1;8;373;715;66;0;-1
11173;1;8;329;737;66;0;-1
11174;1;8;644;741;66;0;-1
11175;1;8;409;750;66;0;-1
11176;1;8;455;764;66;0;-1
11177;1;8;685;801;66;0;-1
11178;1;8;538;835;66;0;-1
11179;0;8;574;445;67;0;-1
11180;0;8;438;466;67;0;-1
11181;0;8;399;489;67;0;-1
11182;0;8;681;492;67;0;-1
11183;0;8;368;495;67;0;-1
11184;0;8;554;529;67;0;-1
11185;0;8;626;531;67;0;-1
11186;0;8;387;536;67;0;-1
11187;0;8;419;544;67;0;-1
11188;0;8;563;548;67;0;-1
11189;0;8;336;560;67;0;-1
11190;0;8;591;580;67;0;-1
11191;0;8;421;608;67;0;-1
11192;0;8;442;640;67;0;-1
11193;1;8;776;681;67;0;-1
11194;1;8;397;702;67;0;-1
11195;1;8;504;704;67;0;-1
11196;1;8;593;709;67;0;-1
11197;1;8;690;716;67;0;-1
11198;1;8;529;721;67;0;-1
11199;1;8;379;730;67;0;-1
11200;1;8;745;743;67;0;-1
11201;1;8;396;786;67;0;-1
11202;1;8;606;841;67;0;-1
11203;0;8;517;869;67;0;-1
11204;0;8;470;398;68;0;-1
11205;0;8;634;426;68;0;-1
11206;0;8;393;460;68;0;-1
11207;0;8;583;464;68;0;-1
11208;0;8;487;482;68;0;-1
11209;0;8;452;483;68;0;-1
11210;0;8;640;489;68;0;-1
11211;0;8;609;506;68;0;-1
11212;0;8;494;513;68;0;-1
11213;0;8;729;536;68;0;-1
11214;0;8;473;557;68;0;-1
11215;0;8;346;572;68;0;-1
11216;0;8;703;626;68;0;-1
11217;1;8;530;647;68;0;-1
11218;0;8;724;648;68;0;-1
11219;0;8;772;653;68;0;-1
11220;0;8;279;655;68;0;-1
11221;1;8;485;672;68;0;-1
11222;0;8;278;674;68;0;-1
11223;0;8;278;699;68;0;-1
11224;0;8;311;702;68;0;-1
11225;1;8;437;763;68;0;-1
11226;1;8;638;781;68;0;-1
11227;1;8;704;781;68;0;-1
11228;1;8;357;788;68;0;-1
11229;1;8;577;837;68;0;-1
11230;0;8;631;867;68;0;-1
11231;0;8;473;888;68;0;-1
11232;0;8;562;389;69;0;-1
11233;0;8;414;392;69;0;-1
11234;0;8;576;399;69;0;-1
11235;0;8;616;400;69;0;-1
11236;0;8;541;404;69;0;-1
11237;0;8;497;431;69;0;-1
11238;0;8;529;442;69;0;-1
11239;0;8;647;442;69;0;-1
11240;0;8;660;442;69;0;-1
11241;0;8;522;457;69;0;-1
11242;0;8;617;467;69;0;-1
11243;0;8;561;489;69;0;-1
11244;0;8;461;500;69;0;-1
11245;0;8;556;505;69;0;-1
11246;0;8;369;514;69;0;-1
11247;0;8;705;540;69;0;-1
11248;0;8;753;541;69;0;-1
11249;0;8;535;564;69;0;-1
11250;0;8;682;567;69;0;-1
11251;0;8;542;589;69;0;-1
11252;0;8;358;596;69;0;-1
11253;0;8;509;602;69;0;-1
11254;0;8;652;611;69;0;-1
11255;0;8;618;613;69;0;-1
11256;0;8;737;627;69;0;-1
11257;1;8;565;640;69;0;-1
11258;1;8;522;671;69;0;-1
11259;1;8;501;685;69;0;-1
11260;1;8;293;729;69;0;-1
11261;1;8;669;739;69;0;-1
11262;1;8;560;742;69;0;-1
11263;1;8;459;745;69;0;-1
11264;1;8;705;747;70;0;-1
11265;1;8;321;760;69;0;-1
11266;1;8;328;777;69;0;-1
11267;1;8;403;811;69;0;-1
11268;1;8;449;839;69;0;-1
11269;1;8;481;860;69;0;-1
11270;0;8;524;378;70;0;-1
11271;0;8;640;408;70;0;-1
11272;0;8;381;423;70;0;-1
11273;0;8;424;431;70;0;-1
11274;0;8;406;438;70;0;-1
11275;0;8;552;448;70;0;-1
11276;0;8;399;510;70;0;-1
11277;0;8;725;516;70;0;-1
11278;0;8;478;518;70;0;-1
11279;0;8;452;538;70;0;-1
11280;0;8;448;561;70;0;-1
11281;0;8;307;566;70;0;-1
11282;0;8;326;597;70;0;-1
11283;0;8;674;604;70;0;-1
11284;0;8;382;614;70;0;-1
11285;0;8;543;627;70;0;-1
11286;1;8;664;629;70;0;-1
11287;0;8;368;635;70;0;-1
11288;1;8;671;648;70;0;-1
11289;0;8;345;670;70;0;-1
11290;1;8;428;680;70;0;-1
11291;1;8;616;683;70;0;-1
11292;1;8;665;684;70;0;-1
11293;1;8;347;691;70;0;-1
11294;1;8;552;709;70;0;-1
11295;1;8;570;715;70;0;-1
11296;1;8;617;724;70;0;-1
11297;1;8;490;726;70;0;-1
11298;1;8;393;750;70;0;-1
11299;1;8;527;767;70;0;-1
11300;1;8;566;768;70;0;-1
11301;1;8;729;772;70;0;-1
11302;1;8;468;785;70;0;-1
11303;1;8;446;800;70;0;-1
11304;1;8;550;850;70;0;-1
11305;0;8;693;850;70;0;-1
11306;0;8;602;384;71;0;-1
11307;0;8;431;401;71;0;-1
11308;0;8;414;415;71;0;-1
11309;0;8;527;416;71;0;-1
11310;0;8;443;418;71;0;-1
11311;0;8;477;419;71;0;-1
11312;0;8;612;438;71;0;-1
11313;0;8;367;496;71;0;-1
11314;0;8;585;496;71;0;-1
11315;0;8;515;502;71;0;-1
11316;0;8;691;515;71;0;-1
11317;0;8;668;531;71;0;-1
11318;0;8;646;540;71;0;-1
11319;0;8;683;541;71;0;-1
11320;0;8;484;545;71;0;-1
11321;0;8;584;554;71;0;-1
11322;0;8;384;562;71;0;-1
11323;0;8;305;586;71;0;-1
11324;0;8;801;628;71;0;-1
11325;0;8;409;641;71;0;-1
11326;1;8;739;670;71;0;-1
11327;1;8;766;684;71;0;-1
11328;1;8;709;688;71;0;-1
11329;1;8;387;693;71;0;-1
11330;1;8;732;723;71;0;-1
11331;1;8;588;742;71;0;-1
11332;1;8;506;753;71;0;-1
11333;1;8;621;757;71;0;-1
11334;1;8;301;766;71;0;-1
11335;1;8;417;794;71;0;-1
11336;1;8;614;806;71;0;-1
11337;0;8;493;388;72;0;-1
11338;0;8;506;408;72;0;-1
11339;0;8;471;473;72;0;-1
11340;0;8;445;503;72;0;-1
11341;0;8;423;504;72;0;-1
11342;0;8;332;519;72;0;-1
11343;0;8;572;527;72;0;-1
11344;0;8;528;535;73;0;-1
11345;0;8;554;538;72;0;-1
11346;0;8;771;593;72;0;-1
11347;0;8;518;618;72;0;-1
11348;0;8;440;620;72;0;-1
11349;0;8;291;633;72;0;-1
11350;0;8;324;643;72;0;-1
11351;1;8;472;653;72;0;-1
11352;0;8;301;654;72;0;-1
11353;1;8;502;658;72;0;-1
11354;1;8;650;704;72;0;-1
11355;1;8;774;709;72;0;-1
11356;0;8;807;713;72;0;-1
11357;1;8;315;728;72;0;-1
11358;1;8;775;737;72;0;-1
11359;0;8;576;375;73;0;-1
11360;0;8;681;403;73;0;-1
11361;0;8;713;435;73;0;-1
11362;0;8;376;435;73;0;-1
11363;0;8;694;447;73;0;-1
11364;0;8;639;465;73;0;-1
11365;0;8;427;484;73;0;-1
11366;0;8;381;488;73;0;-1
11367;0;8;750;507;73;0;-1
11368;0;8;544;510;73;0;-1
11369;0;8;607;514;73;0;-1
11370;0;8;460;519;73;0;-1
11371;0;8;626;558;73;0;-1
11372;0;8;340;584;73;0;-1
11373;0;8;449;584;73;0;-1
11374;0;8;566;584;73;0;-1
11375;0;8;420;587;73;0;-1
11376;0;8;276;597;73;0;-1
11377;0;8;576;611;73;0;-1
11378;0;8;354;620;73;0;-1
11379;0;8;385;653;73;0;-1
11380;1;8;646;672;73;0;-1
11381;0;8;260;675;73;0;-1
11382;1;8;425;709;73;0;-1
11383;1;8;302;748;73;0;-1
11384;1;8;757;764;73;0;-1
11385;1;8;397;780;73;0;-1
11386;1;8;336;796;73;0;-1
11387;1;8;377;824;73;0;-1
11388;0;8;420;880;73;0;-1
11389;0;8;522;395;74;0;-1
11390;0;8;681;438;74;0;-1
11391;0;8;712;461;74;0;-1
11392;0;8;603;474;74;0;-1
11393;0;8;443;476;74;0;-1
11394;0;8;402;512;74;0;-1
11395;0;8;376;525;74;0;-1
11396;0;8;771;559;74;0;-1
11397;0;8;756;561;74;0;-1
11398;0;8;746;592;74;0;-1
11399;0;8;295;600;74;0;-1
11400;0;8;304;618;74;0;-1
11401;1;8;493;636;75;0;-1
11402;1;8;541;656;74;0;-1
11403;0;8;296;683;74;0;-1
11404;1;8;451;683;74;0;-1
11405;1;8;286;706;74;0;-1
11406;1;8;463;718;74;0;-1
11407;1;8;402;723;74;0;-1
11408;1;8;264;724;74;0;-1
11409;1;8;332;776;74;0;-1
11410;1;8;749;786;74;0;-1
11411;1;8;513;834;74;0;-1
11412;0;8;503;368;75;0;-1
11413;0;8;540;372;75;0;-1
11414;0;8;402;400;75;0;-1
11415;0;8;488;444;75;0;-1
11416;0;8;514;474;75;0;-1
11417;0;8;349;491;75;0;-1
11418;0;8;682;492;75;0;-1
11419;0;8;525;515;75;0;-1
11420;0;8;427;526;75;0;-1
11421;0;8;508;538;75;0;-1
11422;0;8;356;539;75;0;-1
11423;0;8;655;557;75;0;-1
11424;0;8;729;568;75;0;-1
11425;0;8;510;574;75;0;-1
11426;0;8;467;604;75;0;-1
11427;0;8;271;616;75;0;-1
11428;0;8;461;638;75;0;-1
11429;1;8;446;662;75;0;-1
11430;1;8;691;665;75;0;-1
11431;1;8;331;683;75;0;-1
11432;1;8;374;686;75;0;-1
11433;1;8;473;690;75;0;-1
11434;1;8;476;835;75;0;-1
11435;0;8;446;371;76;0;-1
11436;0;8;627;376;76;0;-1
11437;0;8;556;421;76;0;-1
11438;0;8;661;425;76;0;-1
11439;0;8;362;473;76;0;-1
11440;0;8;643;486;76;0;-1
11441;0;8;525;496;76;0;-1
11442;0;8;530;533;76;0;-1
11443;0;8;369;545;76;0;-1
11444;0;8;292;549;76;0;-1
11445;0;8;276;568;76;0;-1
11446;0;8;699;585;76;0;-1
11447;0;8;361;597;76;0;-1
11448;0;8;314;647;76;0;-1
11449;0;8;352;653;76;0;-1
11450;1;8;536;679;76;0;-1
11451;1;8;360;729;76;0;-1
11452;1;8;607;736;76;0;-1
11453;1;8;569;755;76;0;-1
11454;1;8;676;773;76;0;-1
11455;1;8;370;793;76;0;-1
11456;1;8;713;804;76;0;-1
11457;1;8;429;811;76;0;-1
11458;1;8;702;815;76;0;-1
11459;0;8;611;360;77;0;-1
11460;0;8;471;377;77;0;-1
11461;0;8;434;384;77;0;-1
11462;0;8;355;442;77;0;-1
11463;0;8;403;454;77;0;-1
11464;0;8;730;484;77;0;-1
11465;0;8;688;512;77;0;-1
11466;0;8;288;513;77;0;-1
11467;0;8;325;522;77;0;-1
11468;0;8;437;563;77;0;-1
11469;0;8;799;568;77;0;-1
11470;0;8;313;571;77;0;-1
11471;0;8;476;581;77;0;-1
11472;0;8;488;606;77;0;-1
11473;0;8;634;606;77;0;-1
11474;0;8;249;629;77;0;-1
11475;0;8;643;633;78;0;-1
11476;0;8;263;644;77;0;-1
11477;0;8;430;646;77;0;-1
11478;0;8;246;656;77;0;-1
11479;1;8;693;664;77;0;-1
11480;1;8;409;689;77;0;-1
11481;1;8;494;700;77;0;-1
11482;1;8;798;707;77;0;-1
11483;1;8;438;728;77;0;-1
11484;1;8;768;729;77;0;-1
11485;1;8;417;734;77;0;-1
11486;1;8;359;767;77;0;-1
11487;0;8;536;346;78;0;-1
11488;0;8;462;351;78;0;-1
11489;0;8;551;394;78;0;-1
11490;0;8;633;426;78;0;-1
11491;0;8;550;438;78;0;-1
11492;0;8;755;523;78;0;-1
11493;0;8;312;537;78;0;-1
11494;0;8;384;567;78;0;-1
11495;0;8;260;589;78;0;-1
11496;0;8;385;601;78;0;-1
11497;0;8;347;602;78;0;-1
11498;0;8;683;619;78;0;-1
11499;0;8;394;627;78;0;-1
11500;0;8;401;673;78;0;-1
11501;1;8;748;688;78;0;-1
11502;1;8;259;708;78;0;-1
11503;1;8;286;749;78;0;-1
11504;1;8;330;753;78;0;-1
11505;1;8;272;767;78;0;-1
11506;1;8;543;768;78;0;-1
11507;1;8;428;770;78;0;-1
11508;1;8;515;773;78;0;-1
11509;0;8;493;343;79;0;-1
11510;0;8;519;352;79;0;-1
11511;0;8;551;361;79;0;-1
11512;0;8;616;386;79;0;-1
11513;0;8;574;404;79;0;-1
11514;0;8;606;414;80;0;-1
11515;0;8;591;432;79;0;-1
11516;0;8;355;441;79;0;-1
11517;0;8;651;453;79;0;-1
11518;0;8;384;462;79;0;-1
11519;0;8;561;469;79;0;-1
11520;0;8;484;493;79;0;-1
11521;0;8;351;512;79;0;-1
11522;0;8;647;520;79;0;-1
11523;0;8;775;526;79;0;-1
11524;0;8;351;556;79;0;-1
11525;0;8;664;578;79;0;-1
11526;0;8;728;588;79;0;-1
11527;0;8;241;603;79;0;-1
11528;0;8;425;626;79;0;-1
11529;0;8;459;630;79;0;-1
11530;0;8;760;650;79;0;-1
11531;0;8;819;668;79;0;-1
11532;1;8;509;677;79;0;-1
11533;1;8;709;743;79;0;-1
11534;1;8;625;763;79;0;-1
11535;1;8;475;777;79;0;-1
11536;1;8;656;780;79;0;-1
11537;1;8;684;805;79;0;-1
11538;0;8;352;881;79;0;-1
11539;0;8;519;914;79;0;-1
11540;0;8;628;919;79;0;-1
11541;0;8;547;342;80;0;-1
11542;0;8;583;350;80;0;-1
11543;0;8;642;361;80;0;-1
11544;0;8;654;379;80;0;-1
11545;0;8;448;406;80;0;-1
11546;0;8;708;418;80;0;-1
11547;0;8;686;432;80;0;-1
11548;0;8;531;452;80;0;-1
11549;0;8;752;471;80;0;-1
11550;0;8;529;476;80;0;-1
11551;0;8;548;487;80;0;-1
11552;0;8;509;494;80;0;-1
11553;0;8;624;509;80;0;-1
11554;0;8;447;524;80;0;-1
11555;0;8;417;566;80;0;-1
11556;0;8;307;586;80;0;-1
11557;0;8;221;624;80;0;-1
11558;0;8;711;630;80;0;-1
11559;0;8;390;646;80;0;-1
11560;1;8;794;687;80;0;-1
11561;1;8;714;696;80;0;-1
11562;1;8;348;706;80;0;-1
11563;1;8;520;726;80;0;-1
11564;1;8;633;729;80;0;-1
11565;1;8;272;738;80;0;-1
11566;1;8;495;770;80;0;-1
11567;1;8;775;772;80;0;-1
11568;1;8;637;777;80;0;-1
11569;1;8;468;794;80;0;-1
11570;1;8;367;806;80;0;-1
11571;0;8;445;350;81;0;-1
11572;0;8;410;366;81;0;-1
11573;0;8;590;374;81;0;-1
11574;0;8;536;385;81;0;-1
11575;0;8;481;397;81;0;-1
11576;0;8;360;407;81;0;-1
11577;0;8;389;418;81;0;-1
11578;0;8;412;425;81;0;-1
11579;0;8;452;455;81;0;-1
11580;0;8;481;463;81;0;-1
11581;0;8;671;473;81;0;-1
11582;0;8;430;484;81;0;-1
11583;0;8;577;487;81;0;-1
11584;0;8;485;492;81;0;-1
11585;0;8;500;525;81;0;-1
11586;0;8;729;538;81;0;-1
11587;0;8;610;582;81;0;-1
11588;0;8;455;590;82;0;-1
11589;0;8;534;598;81;0;-1
11590;0;8;779;655;81;0;-1
11591;1;8;670;667;81;0;-1
11592;1;8;614;670;81;0;-1
11593;1;8;456;679;81;0;-1
11594;0;8;242;692;81;0;-1
11595;1;8;540;696;81;0;-1
11596;1;8;577;697;81;0;-1
11597;1;8;320;705;81;0;-1
11598;1;8;462;724;81;0;-1
11599;1;8;310;726;81;0;-1
11600;1;8;244;736;81;0;-1
11601;1;8;582;762;81;0;-1
11602;1;8;339;790;81;0;-1
11603;0;8;547;884;81;0;-1
11604;0;8;692;353;82;0;-1
11605;0;8;511;438;82;0;-1
11606;0;8;742;458;82;0;-1
11607;0;8;345;463;82;0;-1
11608;0;8;726;467;82;0;-1
11609;0;8;718;508;82;0;-1
11610;0;8;479;556;82;0;-1
11611;0;8;501;564;82;0;-1
11612;0;8;341;572;82;0;-1
11613;0;8;404;580;82;0;-1
11614;0;8;329;590;82;0;-1
11615;0;8;739;621;82;0;-1
11616;0;8;343;624;82;0;-1
11617;1;8;329;664;82;0;-1
11618;0;8;223;668;82;0;-1
11619;1;8;299;683;82;0;-1
11620;1;8;662;709;82;0;-1
11621;1;8;378;743;82;0;-1
11622;1;8;248;754;82;0;-1
11623;1;8;687;757;82;0;-1
11624;1;8;411;778;82;0;-1
11625;1;8;305;780;82;0;-1
11626;1;8;711;786;82;0;-1
11627;1;8;491;788;82;0;-1
11628;1;8;338;811;82;0;-1
11629;0;8;297;827;82;0;-1
11630;0;8;318;857;82;0;-1
11631;0;8;731;868;82;0;-1
11632;0;8;440;326;83;0;-1
11633;0;8;613;345;83;0;-1
11634;0;8;670;365;83;0;-1
11635;0;8;665;392;83;0;-1
11636;0;8;497;423;83;0;-1
11637;0;8;735;431;83;0;-1
11638;0;8;770;443;83;0;-1
11639;0;8;620;445;83;0;-1
11640;0;8;587;465;83;0;-1
11641;0;8;654;471;83;0;-1
11642;0;8;784;548;83;0;-1
11643;0;8;451;564;83;0;-1
11644;0;8;284;565;83;0;-1
11645;0;8;422;597;83;0;-1
11646;0;8;407;606;83;0;-1
11647;0;8;230;608;83;0;-1
11648;0;8;664;619;83;0;-1
11649;0;8;796;659;83;0;-1
11650;1;8;492;669;83;0;-1
11651;1;8;741;671;83;0;-1
11652;1;8;705;684;83;0;-1
11653;1;8;444;700;83;0;-1
11654;1;8;228;720;83;0;-1
11655;1;8;805;724;83;0;-1
11656;1;8;490;743;83;0;-1
11657;1;8;510;754;83;0;-1
11658;1;8;389;777;83;0;-1
11659;1;8;453;781;83;0;-1
11660;1;8;784;802;83;0;-1
11661;1;8;483;808;83;0;-1
11662;0;8;557;327;84;0;-1
11663;0;8;648;338;83;0;-1
11664;0;8;478;379;84;0;-1
11665;0;8;366;426;84;0;-1
11666;0;8;452;432;83;0;-1
11667;0;8;712;438;83;0;-1
11668;0;8;281;458;83;0;-1
11669;0;8;631;465;83;0;-1
11670;0;8;300;468;83;0;-1
11671;0;8;700;480;83;0;-1
11672;0;8;769;497;83;0;-1
11673;0;8;604;499;83;0;-1
11674;0;8;623;530;83;0;-1
11675;0;8;225;550;83;0;-1
11676;0;8;313;550;83;0;-1
11677;0;8;750;550;84;0;-1
11678;0;8;419;563;84;0;-1
11679;0;8;753;568;83;0;-1
11680;0;8;787;617;83;0;-1
11681;0;8;233;645;84;0;-1
11682;1;8;541;649;83;0;-1
11683;1;8;476;653;83;0;-1
11684;0;8;302;664;83;0;-1
11685;1;8;647;680;83;0;-1
11686;1;8;689;702;83;0;-1
11687;1;8;533;717;83;0;-1
11688;1;8;225;755;84;0;-1
11689;1;8;338;768;84;0;-1
11690;1;8;315;795;83;0;-1
11691;1;8;734;811;83;0;-1
11692;0;8;380;838;83;0;-1
11693;0;8;592;877;83;0;-1
11694;0;8;523;328;84;0;-1
11695;0;8;493;358;84;0;-1
11696;0;8;385;389;84;0;-1
11697;0;8;608;411;84;0;-1
11698;0;8;668;411;84;0;-1
11699;0;8;319;446;84;0;-1
11700;0;8;672;447;84;0;-1
11701;0;8;508;453;84;0;-1
11702;0;8;709;469;84;0;-1
11703;0;8;323;484;84;0;-1
11704;0;8;462;490;85;0;-1
11705;0;8;345;491;84;0;-1
11706;0;8;367;493;84;0;-1
11707;0;8;745;497;84;0;-1
11708;0;8;564;524;84;0;-1
11709;0;8;472;525;84;0;-1
11710;0;8;362;533;85;0;-1
11711;0;8;406;539;84;0;-1
11712;0;8;659;545;84;0;-1
11713;0;8;569;546;84;0;-1
11714;0;8;333;552;85;0;-1
11715;0;8;607;552;84;0;-1
11716;0;8;252;556;84;0;-1
11717;0;8;637;580;84;0;-1
11718;0;8;505;586;85;0;-1
11719;0;8;813;598;84;0;-1
11720;0;8;689;604;84;0;-1
11721;0;8;280;605;84;0;-1
11722;1;8;468;637;84;0;-1
11723;1;8;667;645;84;0;-1
11724;1;8;561;648;84;0;-1
11725;1;8;521;689;85;0;-1
11726;1;8;488;716;85;0;-1
11727;1;8;355;726;84;0;-1
11728;0;8;826;736;84;0;-1
11729;1;8;308;747;84;0;-1
11730;1;8;425;748;84;0;-1
11731;1;8;430;790;84;0;-1
11732;1;8;669;798;84;0;-1
11733;1;8;716;827;84;0;-1
11734;0;8;426;845;84;0;-1
11735;0;8;525;965;85;0;-1
11736;0;8;596;328;85;0;-1
11737;0;8;427;359;85;0;-1
11738;0;8;601;364;86;0;-1
11739;0;8;518;378;86;0;-1
11740;0;8;340;381;85;0;-1
11741;0;8;405;382;85;0;-1
11742;0;8;424;394;85;0;-1
11743;0;8;533;416;86;0;-1
11744;0;8;474;437;85;0;-1
11745;0;8;365;465;86;0;-1
11746;0;8;713;492;85;0;-1
11747;0;8;287;494;85;0;-1
11748;0;8;683;496;85;0;-1
11749;0;8;658;498;86;0;-1
11750;0;8;333;503;85;0;-1
11751;0;8;574;503;85;0;-1
11752;0;8;307;506;85;0;-1
11753;0;8;467;506;85;0;-1
11754;0;8;422;508;85;0;-1
11755;0;8;338;526;85;0;-1
11756;0;8;703;564;85;0;-1
11757;0;8;555;565;85;0;-1
11758;0;8;237;572;86;0;-1
11759;0;8;804;574;86;0;-1
11760;0;8;552;598;85;0;-1
11761;0;8;758;606;85;0;-1
11762;0;8;292;612;85;0;-1
11763;1;8;406;670;86;0;-1
11764;1;8;288;709;85;0;-1
11765;1;8;677;742;85;0;-1
11766;1;8;725;753;85;0;-1
11767;1;8;265;756;85;0;-1
11768;1;8;453;762;85;0;-1
11769;0;8;242;784;85;0;-1
11770;0;8;483;322;87;0;-1
11771;0;8;399;328;86;0;-1
11772;0;8;541;347;86;0;-1
11773;0;8;619;359;87;0;-1
11774;0;8;555;383;86;0;-1
11775;0;8;459;400;87;0;-1
11776;0;8;349;405;86;0;-1
11777;0;8;695;406;87;0;-1
11778;0;8;400;411;87;0;-1
11779;0;8;513;411;86;0;-1
11780;0;8;385;434;86;0;-1
11781;0;8;637;441;86;0;-1
11782;0;8;339;448;86;0;-1
11783;0;8;434;460;86;0;-1
11784;0;8;768;463;86;0;-1
11785;0;8;687;465;87;0;-1
11786;0;8;620;488;86;0;-1
11787;0;8;489;491;86;0;-1
11788;0;8;746;495;86;0;-1
11789;0;8;529;502;86;0;-1
11790;0;8;375;515;86;0;-1
11791;0;8;815;517;86;0;-1
11792;0;8;275;525;86;0;-1
11793;0;8;416;528;86;0;-1
11794;0;8;672;528;86;0;-1
11795;0;8;597;531;86;0;-1
11796;0;8;696;534;86;0;-1
11797;0;8;258;539;86;0;-1
11798;0;8;797;540;87;0;-1
11799;0;8;528;542;86;0;-1
11800;0;8;294;547;87;0;-1
11801;0;8;771;559;86;0;-1
11802;0;8;734;561;87;0;-1
11803;0;8;756;586;86;0;-1
11804;0;8;258;587;86;0;-1
11805;0;8;787;595;86;0;-1
11806;1;8;497;610;87;0;-1
11807;0;8;328;616;86;0;-1
11808;0;8;788;618;87;0;-1
11809;0;8;812;619;87;0;-1
11810;0;8;836;622;86;0;-1
11811;0;8;542;633;86;0;-1
11812;0;8;259;634;86;0;-1
11813;0;8;298;640;87;0;-1
11814;0;8;215;645;86;0;-1
11815;1;8;273;671;86;0;-1
11816;1;8;416;687;86;0;-1
11817;1;8;483;688;86;0;-1
11818;1;8;469;738;86;0;-1
11819;1;8;652;738;86;0;-1
11820;1;8;407;750;87;0;-1
11821;1;8;640;750;86;0;-1
11822;0;8;447;828;86;0;-1
11823;0;8;506;859;86;0;-1
11824;0;8;599;971;86;0;-1
11825;0;8;521;308;87;0;-1
11826;0;8;697;377;87;0;-1
11827;0;8;473;416;87;0;-1
11828;0;8;523;475;87;0;-1
11829;0;8;747;493;87;0;-1
11830;0;8;784;497;87;0;-1
11831;0;8;354;511;87;0;-1
11832;0;8;554;597;87;0;-1
11833;0;8;731;599;87;0;-1
11834;0;8;234;600;87;0;-1
11835;0;8;672;627;88;0;-1
11836;0;8;319;634;87;0;-1
11837;1;8;449;643;87;0;-1
11838;1;8;437;671;87;0;-1
11839;1;8;381;682;87;0;-1
11840;1;8;777;718;87;0;-1
11841;1;8;721;722;87;0;-1
11842;1;8;276;738;87;0;-1
11843;1;8;554;753;88;0;-1
11844;1;8;281;791;87;0;-1
11845;0;8;562;833;87;0;-1
11846;0;8;601;836;87;0;-1
11847;0;8;309;898;87;0;-1
11848;0;8;454;367;88;0;-1
11849;0;8;543;402;88;0;-1
11850;0;8;583;424;89;0;-1
11851;0;8;302;457;89;0;-1
11852;0;8;406;501;89;0;-1
11853;0;8;272;506;88;0;-1
11854;0;8;554;513;88;0;-1
11855;0;8;321;522;88;0;-1
11856;0;8;247;529;88;0;-1
11857;0;8;514;571;88;0;-1
11858;0;8;285;579;89;0;-1
11859;0;8;313;584;88;0;-1
11860;0;8;708;611;89;0;-1
11861;0;8;221;624;88;0;-1
11862;1;8;595;661;88;0;-1
11863;1;8;264;679;88;0;-1
11864;1;8;591;686;88;0;-1
11865;0;8;194;688;88;0;-1
11866;1;8;214;702;88;0;-1
11867;1;8;402;703;88;0;-1
11868;1;8;375;709;88;0;-1
11869;1;8;247;717;88;0;-1
11870;1;8;555;727;88;0;-1
11871;1;8;213;738;88;0;-1
11872;1;8;535;739;88;0;-1
11873;1;8;535;765;88;0;-1
11874;1;8;485;772;89;0;-1
11875;1;8;509;779;88;0;-1
11876;1;8;451;802;88;0;-1
11877;0;8;362;826;88;0;-1
11878;0;8;266;878;88;0;-1
11879;0;8;434;914;88;0;-1
11880;0;8;497;301;90;0;-1
11881;0;8;423;329;89;0;-1
11882;0;8;674;389;90;0;-1
11883;0;8;577;392;90;0;-1
11884;0;8;736;399;89;0;-1
11885;0;8;370;410;90;0;-1
11886;0;8;563;417;90;0;-1
11887;0;8;759;444;89;0;-1
11888;0;8;571;452;89;0;-1
11889;0;8;280;470;89;0;-1
11890;0;8;403;473;89;0;-1
11891;0;8;654;523;89;0;-1
11892;0;8;261;567;89;0;-1
11893;0;8;677;571;89;0;-1
11894;0;8;788;592;89;0;-1
11895;0;8;479;597;90;0;-1
11896;0;8;259;618;89;0;-1
11897;0;8;541;620;89;0;-1
11898;0;8;416;632;89;0;-1
11899;0;8;691;642;89;0;-1
11900;0;8;396;646;89;0;-1
11901;0;8;236;648;89;0;-1
11902;0;8;732;660;89;0;-1
11903;1;8;209;669;89;0;-1
11904;1;8;773;675;90;0;-1
11905;1;8;595;722;89;0;-1
11906;1;8;578;746;89;0;-1
11907;1;8;364;748;89;0;-1
11908;1;8;806;766;89;0;-1
11909;1;8;669;772;89;0;-1
11910;0;8;568;797;89;0;-1
11911;0;8;494;834;89;0;-1
11912;0;8;381;964;90;0;-1
11913;0;8;669;340;90;0;-1
11914;0;8;432;348;91;0;-1
11915;0;8;442;381;90;0;-1
11916;0;8;614;392;91;0;-1
11917;0;8;328;417;90;0;-1
11918;0;8;734;417;90;0;-1
11919;0;8;306;432;90;0;-1
11920;0;8;549;454;90;0;-1
11921;0;8;407;455;90;0;-1
11922;0;8;798;472;90;0;-1
11923;0;8;508;476;91;0;-1
11924;0;8;623;545;90;0;-1
11925;0;8;216;574;90;0;-1
11926;0;8;314;583;90;0;-1
11927;0;8;207;599;90;0;-1
11928;0;8;447;608;90;0;-1
11929;0;8;278;612;90;0;-1
11930;0;8;239;622;91;0;-1
11931;0;8;203;632;90;0;-1
11932;0;8;504;642;90;0;-1
11933;0;8;812;644;90;0;-1
11934;0;8;825;656;90;0;-1
11935;1;8;552;670;90;0;-1
11936;1;8;351;682;90;0;-1
11937;1;8;247;700;90;0;-1
11938;1;8;444;737;90;0;-1
11939;1;8;329;739;90;0;-1
11940;1;8;228;762;90;0;-1
11941;1;8;370;765;90;0;-1
11942;1;8;764;797;90;0;-1
11943;0;8;533;816;90;0;-1
11944;0;8;334;821;90;0;-1
11945;0;8;607;309;91;0;-1
11946;0;8;503;333;92;0;-1
11947;0;8;650;342;91;0;-1
11948;0;8;456;348;91;0;-1
11949;0;8;407;352;91;0;-1
11950;0;8;715;388;91;0;-1
11951;0;8;588;404;92;0;-1
11952;0;8;633;416;92;0;-1
11953;0;8;764;420;91;0;-1
11954;0;8;664;423;92;0;-1
11955;0;8;601;444;91;0;-1
11956;0;8;604;471;91;0;-1
11957;0;8;562;482;91;0;-1
11958;0;8;514;513;91;0;-1
11959;0;8;587;522;91;0;-1
11960;0;8;772;524;91;0;-1
11961;0;8;488;544;91;0;-1
11962;0;8;232;590;91;0;-1
11963;0;8;789;591;91;0;-1
11964;0;8;780;644;92;0;-1
11965;0;8;383;647;91;0;-1
11966;0;8;200;652;91;0;-1
11967;1;8;525;662;91;0;-1
11968;1;8;237;673;91;0;-1
11969;1;8;827;691;91;0;-1
11970;1;8;634;697;92;0;-1
11971;1;8;530;710;91;0;-1
11972;1;8;446;712;91;0;-1
11973;1;8;192;723;91;0;-1
11974;1;8;753;724;91;0;-1
11975;1;8;806;743;91;0;-1
11976;1;8;785;769;91;0;-1
11977;1;8;255;774;91;0;-1
11978;1;8;285;775;91;0;-1
11979;1;8;697;785;92;0;-1
11980;0;8;310;873;91;0;-1
11981;0;8;487;320;93;0;-1
11982;0;8;632;321;92;0;-1
11983;0;8;617;326;92;0;-1
11984;0;8;469;336;92;0;-1
11985;0;8;691;346;92;0;-1
11986;0;8;639;355;92;0;-1
11987;0;8;550;365;92;0;-1
11988;0;8;585;365;92;0;-1
11989;0;8;660;371;92;0;-1
11990;0;8;380;374;92;0;-1
11991;0;8;642;391;92;0;-1
11992;0;8;606;427;92;0;-1
11993;0;8;281;438;92;0;-1
11994;0;8;588;463;92;0;-1
11995;0;8;760;477;92;0;-1
11996;0;8;707;478;92;0;-1
11997;0;8;629;494;92;0;-1
11998;0;8;525;495;92;0;-1
11999;0;8;446;496;92;0;-1
12000;0;8;485;513;92;0;-1
12001;0;8;756;517;92;0;-1
12002;0;8;305;527;92;0;-1
12003;0;8;237;544;92;0;-1
12004;0;8;453;547;92;0;-1
12005;0;8;756;552;92;0;-1
12006;0;8;369;559;92;0;-1
12007;0;8;475;577;92;0;-1
12008;0;8;696;580;92;0;-1
12009;0;8;827;586;92;0;-1
12010;0;8;663;587;93;0;-1
12011;0;8;262;593;92;0;-1
12012;0;8;523;601;92;0;-1
12013;0;8;380;621;92;0;-1
12014;0;8;523;628;92;0;-1
12015;0;8;433;637;92;0;-1
12016;1;8;359;659;92;0;-1
12017;1;8;734;696;92;0;-1
12018;1;8;326;700;92;0;-1
12019;1;8;468;703;92;0;-1
12020;1;8;743;745;92;0;-1
12021;1;8;518;752;93;0;-1
12022;1;8;329;764;92;0;-1
12023;1;8;393;775;93;0;-1
12024;1;8;409;790;92;0;-1
12025;1;8;805;790;93;0;-1
12026;1;8;348;808;92;0;-1
12027;0;8;639;991;92;0;-1
12028;0;8;564;339;93;0;-1
12029;0;8;381;347;93;0;-1
12030;0;8;362;400;93;0;-1
12031;0;8;654;401;93;0;-1
12032;0;8;628;441;93;0;-1
12033;0;8;525;443;93;0;-1
12034;0;8;363;458;94;0;-1
12035;0;8;729;465;93;0;-1
12036;0;8;390;545;94;0;-1
12037;0;8;278;551;93;0;-1
12038;0;8;852;583;94;0;-1
12039;0;8;359;600;94;0;-1
12040;0;8;418;600;93;0;-1
12041;0;8;485;621;93;0;-1
12042;0;8;645;653;93;0;-1
12043;1;8;668;679;93;0;-1
12044;1;8;557;701;93;0;-1
12045;1;8;347;701;94;0;-1
12046;1;8;824;713;93;0;-1
12047;1;8;506;723;93;0;-1
12048;1;8;393;725;93;0;-1
12049;1;8;480;730;93;0;-1
12050;1;8;296;750;93;0;-1
12051;1;8;471;762;94;0;-1
12052;0;8;566;308;95;0;-1
12053;0;8;525;329;94;0;-1
12054;0;8;727;341;94;0;-1
12055;0;8;474;387;94;0;-1
12056;0;8;328;395;94;0;-1
12057;0;8;601;403;94;0;-1
12058;0;8;785;407;95;0;-1
12059;0;8;389;432;95;0;-1
12060;0;8;495;460;94;0;-1
12061;0;8;469;483;94;0;-1
12062;0;8;412;501;95;0;-1
12063;0;8;720;504;94;0;-1
12064;0;8;320;511;95;0;-1
12065;0;8;618;515;94;0;-1
12066;0;8;647;563;94;0;-1
12067;0;8;361;576;94;0;-1
12068;0;8;434;576;95;0;-1
12069;0;8;763;606;94;0;-1
12070;0;8;318;606;94;0;-1
12071;0;8;263;638;94;0;-1
12072;0;8;758;639;95;0;-1
12073;1;8;686;668;94;0;-1
12074;1;8;450;670;94;0;-1
12075;0;8;846;677;94;0;-1
12076;1;8;502;687;95;0;-1
12077;1;8;701;697;94;0;-1
12078;1;8;797;715;95;0;-1
12079;1;8;709;737;94;0;-1
12080;1;8;437;755;94;0;-1
12081;1;8;309;762;94;0;-1
12082;1;8;750;771;94;0;-1
12083;0;8;429;287;95;0;-1
12084;0;8;377;327;95;0;-1
12085;0;8;348;359;95;0;-1
12086;0;8;607;359;95;0;-1
12087;0;8;714;362;95;0;-1
12088;0;8;441;363;95;0;-1
12089;0;8;689;371;95;0;-1
12090;0;8;271;406;95;0;-1
12091;0;8;430;407;95;0;-1
12092;0;8;717;419;96;0;-1
12093;0;8;459;422;95;0;-1
12094;0;8;271;424;95;0;-1
12095;0;8;425;430;96;0;-1
12096;0;8;741;432;95;0;-1
12097;0;8;547;436;95;0;-1
12098;0;8;374;439;95;0;-1
12099;0;8;780;441;95;0;-1
12100;0;8;777;474;95;0;-1
12101;0;8;743;476;95;0;-1
12102;0;8;593;497;95;0;-1
12103;0;8;691;506;96;0;-1
12104;0;8;223;538;96;0;-1
12105;0;8;551;545;95;0;-1
12106;0;8;503;557;96;0;-1
12107;0;8;203;560;95;0;-1
12108;0;8;668;561;95;0;-1
12109;0;8;778;572;95;0;-1
12110;0;8;288;579;95;0;-1
12111;0;8;716;589;95;0;-1
12112;0;8;737;606;96;0;-1
12113;0;8;691;614;95;0;-1
12114;1;8;331;644;95;0;-1
12115;1;8;470;655;96;0;-1
12116;1;8;607;691;95;0;-1
12117;1;8;365;714;95;0;-1
12118;1;8;414;717;95;0;-1
12119;1;8;354;729;95;0;-1
12120;1;8;659;744;95;0;-1
12121;1;8;223;745;95;0;-1
12122;0;8;558;792;95;0;-1
12123;0;8;770;836;95;0;-1
12124;0;8;458;304;96;0;-1
12125;0;8;405;320;96;0;-1
12126;0;8;360;339;96;0;-1
12127;0;8;513;366;97;0;-1
12128;0;8;662;372;96;0;-1
12129;0;8;598;376;96;0;-1
12130;0;8;759;394;97;0;-1
12131;0;8;759;432;96;0;-1
12132;0;8;497;433;97;0;-1
12133;0;8;272;458;96;0;-1
12134;0;8;647;472;96;0;-1
12135;0;8;249;504;96;0;-1
12136;0;8;296;508;96;0;-1
12137;0;8;764;508;97;0;-1
12138;0;8;791;513;96;0;-1
12139;0;8;737;515;96;0;-1
12140;0;8;402;520;97;0;-1
12141;0;8;827;552;96;0;-1
12142;0;8;531;578;96;0;-1
12143;0;8;716;644;96;0;-1
12144;1;8;420;658;97;0;-1
12145;1;8;194;695;96;0;-1
12146;1;8;761;703;97;0;-1
12147;1;8;290;723;96;0;-1
12148;1;8;244;734;96;0;-1
12149;1;8;538;741;97;0;-1
12150;1;8;497;754;96;0;-1
12151;0;8;219;840;96;0;-1
12152;0;8;774;878;96;0;-1
12153;0;8;582;275;98;0;-1
12154;0;8;556;283;97;0;-1
12155;0;8;542;317;98;0;-1
12156;0;8;674;325;98;0;-1
12157;0;8;423;330;98;0;-1
12158;0;8;488;341;97;0;-1
12159;0;8;340;376;97;0;-1
12160;0;8;731;378;97;0;-1
12161;0;8;432;405;98;0;-1
12162;0;8;542;417;97;0;-1
12163;0;8;799;442;97;0;-1
12164;0;8;672;448;97;0;-1
12165;0;8;249;475;98;0;-1
12166;0;8;448;516;97;0;-1
12167;0;8;228;520;97;0;-1
12168;0;8;649;531;97;0;-1
12169;0;8;726;539;97;0;-1
12170;0;8;566;565;97;0;-1
12171;0;8;405;578;97;0;-1
12172;0;8;486;597;98;0;-1
12173;0;8;817;598;97;0;-1
12174;0;8;800;608;97;0;-1
12175;0;8;515;613;97;0;-1
12176;0;8;255;614;97;0;-1
12177;0;8;840;618;97;0;-1
12178;0;8;297;624;97;0;-1
12179;0;8;187;626;97;0;-1
12180;0;8;850;637;97;0;-1
12181;0;8;244;640;97;0;-1
12182;1;8;356;641;97;0;-1
12183;0;8;509;641;98;0;-1
12184;0;8;394;663;97;0;-1
12185;1;8;335;665;97;0;-1
12186;0;8;186;668;97;0;-1
12187;0;8;384;673;98;0;-1
12188;1;8;281;703;97;0;-1
12189;1;8;848;714;97;0;-1
12190;1;8;191;718;97;0;-1
12191;0;8;531;720;98;0;-1
12192;0;8;642;768;98;0;-1
12193;1;8;835;791;98;0;-1
12194;1;8;793;813;97;0;-1
12195;0;8;251;830;97;0;-1
12196;0;8;531;286;99;0;-1
12197;0;8;695;315;98;0;-1
12198;0;8;653;318;98;0;-1
12199;0;8;635;364;98;0;-1
12200;0;8;428;376;98;0;-1
12201;0;8;307;384;98;0;-1
12202;0;8;619;390;99;0;-1
12203;0;8;390;394;98;0;-1
12204;0;8;481;417;98;0;-1
12205;0;8;586;425;98;0;-1
12206;0;8;647;436;98;0;-1
12207;0;8;435;450;99;0;-1
12208;0;8;288;453;98;0;-1
12209;0;8;697;453;98;0;-1
12210;0;8;424;480;98;0;-1
12211;0;8;279;482;98;0;-1
12212;0;8;298;486;98;0;-1
12213;0;8;347;489;98;0;-1
12214;0;8;807;535;98;0;-1
12215;0;8;190;540;98;0;-1
12216;0;8;232;557;98;0;-1
12217;0;8;335;559;98;0;-1
12218;0;8;456;569;98;0;-1
12219;0;8;311;570;98;0;-1
12220;0;8;190;590;99;0;-1
12221;0;8;363;604;98;0;-1
12222;0;8;489;620;98;0;-1
12223;0;8;826;647;98;0;-1
12224;0;8;873;647;99;0;-1
12225;0;8;845;651;98;0;-1
12226;1;8;471;655;98;0;-1
12227;0;8;534;672;98;0;-1
12228;1;8;276;674;98;0;-1
12229;1;8;352;675;98;0;-1
12230;1;8;819;679;99;0;-1
12231;1;8;315;687;98;0;-1
12232;1;8;291;696;99;0;-1
12233;0;8;525;697;98;0;-1
12234;1;8;353;698;99;0;-1
12235;1;8;175;700;98;0;-1
12236;1;8;329;712;98;0;-1
12237;1;8;227;721;98;0;-1
12238;0;8;427;735;98;0;-1
12239;0;8;469;744;98;0;-1
12240;1;8;835;752;98;0;-1
12241;1;8;272;754;98;0;-1
12242;1;8;249;760;98;0;-1
12243;0;8;603;771;98;0;-1
12244;1;8;716;771;99;0;-1
12245;0;8;487;281;99;0;-1
12246;0;8;511;289;99;0;-1
12247;0;8;603;289;99;0;-1
12248;0;8;582;297;100;0;-1
12249;0;8;625;328;99;0;-1
12250;0;8;709;338;99;0;-1
12251;0;8;384;344;99;0;-1
12252;0;8;409;364;99;0;-1
12253;0;8;301;407;99;0;-1
12254;0;8;236;437;99;0;-1
12255;0;8;321;448;99;0;-1
12256;0;8;335;461;99;0;-1
12257;0;8;371;468;99;0;-1
12258;0;8;446;470;99;0;-1
12259;0;8;240;497;99;0;-1
12260;0;8;207;528;99;0;-1
12261;0;8;701;538;99;0;-1
12262;0;8;777;551;99;0;-1
12263;0;8;556;612;99;0;-1
12264;0;8;457;637;99;0;-1
12265;1;8;294;658;99;0;-1
12266;0;8;670;661;99;0;-1
12267;0;8;699;665;100;0;-1
12268;0;8;589;668;99;0;-1
12269;0;8;729;668;99;0;-1
12270;1;8;418;677;99;0;-1
12271;1;8;393;700;99;0;-1
12272;1;8;417;700;99;0;-1
12273;1;8;717;709;99;0;-1
12274;1;8;807;710;99;0;-1
12275;1;8;291;728;100;0;-1
12276;1;8;198;742;99;0;-1
12277;1;8;688;756;99;0;-1
12278;0;8;200;787;99;0;-1
12279;0;8;241;854;99;0;-1
12280;0;8;316;936;99;0;-1
12281;0;8;388;298;102;0;-1
12282;0;8;429;301;100;0;-1
12283;0;8;470;335;100;0;-1
12284;0;8;283;389;100;0;-1
12285;0;8;563;398;100;0;-1
12286;0;8;499;403;101;0;-1
12287;0;8;608;406;100;0;-1
12288;0;8;792;425;101;0;-1
12289;0;8;449;440;100;0;-1
12290;0;8;346;443;101;0;-1
12291;0;8;791;454;100;0;-1
12292;0;8;821;467;100;0;-1
12293;0;8;681;468;100;0;-1
12294;0;8;728;482;100;0;-1
12295;0;8;802;484;100;0;-1
12296;0;8;273;506;100;0;-1
12297;0;8;364;523;100;0;-1
12298;0;8;378;536;100;0;-1
12299;0;8;245;545;100;0;-1
12300;0;8;517;554;100;0;-1
12301;0;8;417;559;100;0;-1
12302;0;8;428;590;100;0;-1
12303;0;8;515;595;100;0;-1
12304;0;8;534;616;100;0;-1
12305;0;8;677;631;100;0;-1
12306;0;8;400;632;100;0;-1
12307;0;8;355;633;101;0;-1
12308;0;8;223;641;100;0;-1
12309;0;8;168;649;101;0;-1
12310;1;8;781;680;100;0;-1
12311;0;8;572;687;101;0;-1
12312;1;8;672;698;101;0;-1
12313;1;8;320;728;100;0;-1
12314;1;8;292;778;100;0;-1
12315;0;8;506;791;100;0;-1
12316;0;8;606;322;101;0;-1
12317;0;8;402;339;101;0;-1
12318;0;8;585;341;101;0;-1
12319;0;8;656;341;101;0;-1
12320;0;8;682;351;101;0;-1
12321;0;8;515;353;102;0;-1
12322;0;8;323;360;101;0;-1
12323;0;8;732;366;101;0;-1
12324;0;8;485;367;101;0;-1
12325;0;8;711;379;101;0;-1
12326;0;8;583;381;102;0;-1
12327;0;8;542;388;101;0;-1
12328;0;8;262;414;101;0;-1
12329;0;8;353;416;101;0;-1
12330;0;8;673;417;101;0;-1
12331;0;8;304;435;101;0;-1
12332;0;8;394;470;101;0;-1
12333;0;8;253;472;102;0;-1
12334;0;8;716;508;102;0;-1
12335;0;8;279;568;101;0;-1
12336;0;8;543;575;102;0;-1
12337;0;8;387;576;102;0;-1
12338;0;8;758;578;101;0;-1
12339;0;8;448;605;101;0;-1
12340;0;8;402;613;101;0;-1
12341;0;8;439;639;101;0;-1
12342;0;8;381;643;102;0;-1
12343;1;8;216;676;101;0;-1
12344;1;8;201;699;101;0;-1
12345;1;8;642;716;101;0;-1
12346;1;8;688;721;101;0;-1
12347;0;8;563;734;101;0;-1
12348;1;8;253;739;101;0;-1
12349;0;8;649;780;101;0;-1
12350;0;8;236;799;101;0;-1
12351;1;8;766;811;101;0;-1
12352;0;8;724;927;101;0;-1
12353;0;8;445;279;102;0;-1
12354;0;8;617;306;103;0;-1
12355;0;8;522;309;102;0;-1
12356;0;8;376;312;102;0;-1
12357;0;8;655;353;102;0;-1
12358;0;8;302;359;103;0;-1
12359;0;8;757;368;103;0;-1
12360;0;8;463;377;102;0;-1
12361;0;8;779;395;102;0;-1
12362;0;8;704;413;103;0;-1
12363;0;8;254;430;103;0;-1
12364;0;8;382;445;102;0;-1
12365;0;8;413;463;102;0;-1
12366;0;8;833;495;102;0;-1
12367;0;8;352;502;102;0;-1
12368;0;8;807;507;102;0;-1
12369;0;8;301;534;102;0;-1
12370;0;8;266;542;102;0;-1
12371;0;8;327;542;102;0;-1
12372;0;8;444;544;102;0;-1
12373;0;8;479;550;102;0;-1
12374;0;8;303;558;102;0;-1
12375;0;8;250;576;103;0;-1
12376;0;8;840;576;103;0;-1
12377;0;8;241;590;102;0;-1
12378;0;8;223;598;102;0;-1
12379;0;8;331;623;102;0;-1
12380;0;8;727;623;102;0;-1
12381;0;8;628;633;102;0;-1
12382;0;8;862;658;102;0;-1
12383;0;8;758;666;102;0;-1
12384;1;8;314;669;103;0;-1
12385;0;8;464;688;102;0;-1
12386;0;8;554;723;102;0;-1
12387;0;8;509;734;102;0;-1
12388;1;8;183;745;102;0;-1
12389;0;8;477;764;103;0;-1
12390;1;8;213;773;102;0;-1
12391;0;8;726;931;103;0;-1
12392;0;8;656;294;104;0;-1
12393;0;8;331;343;103;0;-1
12394;0;8;729;345;103;0;-1
12395;0;8;365;368;103;0;-1
12396;0;8;501;384;103;0;-1
12397;0;8;465;395;103;0;-1
12398;0;8;766;417;104;0;-1
12399;0;8;225;463;103;0;-1
12400;0;8;229;485;103;0;-1
12401;0;8;212;490;103;0;-1
12402;0;8;700;490;104;0;-1
12403;0;8;397;495;103;0;-1
12404;0;8;270;523;103;0;-1
12405;0;8;421;524;104;0;-1
12406;0;8;248;526;103;0;-1
12407;0;8;744;542;103;0;-1
12408;0;8;805;549;103;0;-1
12409;0;8;396;558;103;0;-1
12410;0;8;759;577;103;0;-1
12411;0;8;211;579;104;0;-1
12412;0;8;739;585;103;0;-1
12413;0;8;557;597;103;0;-1
12414;0;8;206;609;103;0;-1
12415;0;8;236;613;103;0;-1
12416;0;8;435;619;103;0;-1
12417;0;8;313;643;103;0;-1
12418;0;8;531;647;103;0;-1
12419;0;8;641;681;103;0;-1
12420;0;8;379;682;103;0;-1
12421;0;8;620;694;103;0;-1
12422;1;8;839;702;103;0;-1
12423;1;8;784;715;103;0;-1
12424;0;8;452;719;104;0;-1
12425;1;8;267;760;103;0;-1
12426;1;8;191;769;103;0;-1
12427;1;8;791;790;103;0;-1
12428;0;8;545;294;104;0;-1
12429;0;8;558;318;105;0;-1
12430;0;8;543;319;104;0;-1
12431;0;8;440;320;104;0;-1
12432;0;8;423;326;105;0;-1
12433;0;8;617;360;104;0;-1
12434;0;8;558;366;104;0;-1
12435;0;8;528;369;104;0;-1
12436;0;8;629;376;104;0;-1
12437;0;8;280;406;104;0;-1
12438;0;8;410;411;104;0;-1
12439;0;8;643;415;104;0;-1
12440;0;8;507;429;104;0;-1
12441;0;8;694;440;104;0;-1
12442;0;8;753;468;104;0;-1
12443;0;8;324;474;104;0;-1
12444;0;8;199;476;104;0;-1
12445;0;8;820;476;104;0;-1
12446;0;8;859;524;105;0;-1
12447;0;8;196;542;104;0;-1
12448;0;8;179;568;104;0;-1
12449;0;8;348;579;104;0;-1
12450;0;8;838;590;104;0;-1
12451;0;8;421;598;104;0;-1
12452;0;8;349;601;104;0;-1
12453;0;8;473;611;104;0;-1
12454;0;8;179;614;104;0;-1
12455;0;8;310;617;104;0;-1
12456;0;8;704;623;104;0;-1
12457;0;8;191;638;104;0;-1
12458;0;8;572;645;104;0;-1
12459;0;8;613;653;104;0;-1
12460;1;8;244;669;104;0;-1
12461;1;8;196;671;104;0;-1
12462;0;8;669;673;106;0;-1
12463;0;8;866;677;104;0;-1
12464;0;8;511;690;105;0;-1
12465;0;8;533;697;104;0;-1
12466;0;8;344;730;104;0;-1
12467;1;8;736;742;104;0;-1
12468;1;8;307;745;104;0;-1
12469;1;8;837;781;105;0;-1
12470;1;8;827;832;104;0;-1
12471;0;8;728;933;104;0;-1
12472;0;8;545;271;106;0;-1
12473;0;8;629;284;106;0;-1
12474;0;8;335;327;106;0;-1
12475;0;8;492;339;106;0;-1
12476;0;8;692;389;106;0;-1
12477;0;8;765;394;106;0;-1
12478;0;8;288;426;106;0;-1
12479;0;8;676;437;106;0;-1
12480;0;8;766;445;106;0;-1
12481;0;8;251;450;106;0;-1
12482;0;8;773;462;106;0;-1
12483;0;8;382;492;106;0;-1
12484;0;8;327;493;106;0;-1
12485;0;8;217;508;106;0;-1
12486;0;8;301;509;106;0;-1
12487;0;8;775;534;106;0;-1
12488;0;8;585;541;106;0;-1
12489;0;8;844;542;106;0;-1
12490;0;8;183;549;106;0;-1
12491;0;8;765;549;106;0;-1
12492;0;8;606;561;106;0;-1
12493;0;8;762;576;106;0;-1
12494;0;8;816;581;106;0;-1
12495;0;8;169;585;106;0;-1
12496;0;8;530;596;106;0;-1
12497;0;8;290;600;106;0;-1
12498;0;8;214;626;106;0;-1
12499;0;8;773;630;106;0;-1
12500;0;8;842;638;106;0;-1
12501;1;8;245;646;106;0;-1
12502;0;8;287;654;106;0;-1
12503;0;8;572;683;106;0;-1
12504;1;8;162;706;106;0;-1
12505;1;8;264;711;106;0;-1
12506;1;8;183;713;106;0;-1
12507;1;8;245;715;106;0;-1
12508;0;8;423;718;106;0;-1
12509;1;8;713;737;106;0;-1
12510;0;8;310;741;106;0;-1
12511;1;8;231;752;106;0;-1
12512;1;8;743;768;106;0;-1
12513;1;8;762;800;106;0;-1
12514;1;8;815;818;106;0;-1
12515;0;8;190;821;106;0;-1
12516;0;8;758;856;106;0;-1
12517;0;8;405;280;107;0;-1
12518;0;8;482;293;107;0;-1
12519;0;8;675;309;107;0;-1
12520;0;8;688;324;107;0;-1
12521;0;8;366;331;107;0;-1
12522;0;8;602;340;107;0;-1
12523;0;8;748;345;107;0;-1
12524;0;8;579;352;107;0;-1
12525;0;8;491;365;107;0;-1
12526;0;8;645;393;107;0;-1
12527;0;8;767;395;107;0;-1
12528;0;8;729;405;107;0;-1
12529;0;8;713;441;107;0;-1
12530;0;8;443;449;107;0;-1
12531;0;8;378;450;107;0;-1
12532;0;8;287;451;107;0;-1
12533;0;8;738;494;107;0;-1
12534;0;8;249;505;107;0;-1
12535;0;8;838;510;107;0;-1
12536;0;8;527;531;107;0;-1
12537;0;8;259;561;107;0;-1
12538;0;8;500;577;107;0;-1
12539;0;8;563;609;107;0;-1
12540;0;8;377;613;107;0;-1
12541;0;8;269;617;107;0;-1
12542;0;8;285;629;107;0;-1
12543;0;8;813;630;107;0;-1
12544;0;8;538;666;107;0;-1
12545;0;8;688;668;107;0;-1
12546;0;8;438;690;107;0;-1
12547;0;8;375;704;107;0;-1
12548;0;8;471;709;107;0;-1
12549;1;8;858;732;107;0;-1
12550;1;8;204;747;107;0;-1
12551;1;8;779;774;107;0;-1
12552;0;8;514;249;108;0;-1
12553;0;8;576;263;108;0;-1
12554;0;8;349;313;108;0;-1
12555;0;8;538;348;108;0;-1
12556;0;8;416;349;109;0;-1
12557;0;8;301;371;108;0;-1
12558;0;8;431;378;108;0;-1
12559;0;8;746;388;108;0;-1
12560;0;8;355;396;108;0;-1
12561;0;8;375;416;108;0;-1
12562;0;8;721;463;108;0;-1
12563;0;8;263;489;108;0;-1
12564;0;8;768;505;108;0;-1
12565;0;8;752;508;108;0;-1
12566;0;8;334;514;108;0;-1
12567;0;8;238;541;108;0;-1
12568;0;8;469;586;108;0;-1
12569;0;8;156;603;108;0;-1
12570;0;8;501;607;108;0;-1
12571;0;8;852;621;108;0;-1
12572;0;8;722;639;108;0;-1
12573;0;8;130;642;108;0;-1
12574;0;8;802;660;108;0;-1
12575;0;8;451;664;108;0;-1
12576;0;8;710;672;108;0;-1
12577;0;8;607;676;108;0;-1
12578;1;8;164;680;108;0;-1
12579;1;8;238;690;108;0;-1
12580;0;8;328;693;108;0;-1
12581;1;8;870;707;108;0;-1
12582;1;8;210;720;108;0;-1
12583;0;8;449;741;108;0;-1
12584;1;8;837;750;108;0;-1
12585;0;8;547;760;108;0;-1
12586;1;8;858;760;108;0;-1
12587;1;8;819;769;108;0;-1
12588;0;8;719;954;108;0;-1
12589;0;8;524;267;109;0;-1
12590;0;8;480;275;110;0;-1
12591;0;8;592;301;109;0;-1
12592;0;8;398;302;109;0;-1
12593;0;8;647;306;109;0;-1
12594;0;8;560;339;109;0;-1
12595;0;8;377;355;109;0;-1
12596;0;8;447;364;109;0;-1
12597;0;8;650;366;109;0;-1
12598;0;8;369;383;109;0;-1
12599;0;8;592;386;110;0;-1
12600;0;8;266;387;109;0;-1
12601;0;8;319;412;109;0;-1
12602;0;8;261;513;109;0;-1
12603;0;8;229;566;109;0;-1
12604;0;8;824;566;109;0;-1
12605;0;8;194;575;109;0;-1
12606;0;8;253;576;109;0;-1
12607;0;8;396;593;109;0;-1
12608;0;8;857;595;109;0;-1
12609;0;8;872;611;109;0;-1
12610;0;8;550;627;109;0;-1
12611;0;8;422;632;109;0;-1
12612;0;8;268;642;109;0;-1
12613;0;8;509;656;109;0;-1
12614;0;8;404;668;109;0;-1
12615;0;8;612;255;110;0;-1
12616;0;8;589;267;110;0;-1
12617;0;8;571;286;110;0;-1
12618;0;8;359;297;110;0;-1
12619;0;8;721;325;110;0;-1
12620;0;8;676;381;110;0;-1
12621;0;8;397;382;110;0;-1
12622;0;8;663;393;110;0;-1
12623;0;8;338;399;110;0;-1
12624;0;8;793;403;110;0;-1
12625;0;8;263;408;110;0;-1
12626;0;8;801;433;110;0;-1
12627;0;8;228;441;110;0;-1
12628;0;8;270;444;110;0;-1
12629;0;8;355;456;110;0;-1
12630;0;8;298;470;110;0;-1
12631;0;8;846;476;110;0;-1
12632;0;8;800;481;110;0;-1
12633;0;8;861;552;110;0;-1
12634;0;8;220;555;110;0;-1
12635;0;8;862;582;110;0;-1
12636;0;8;796;589;110;0;-1
12637;0;8;820;604;110;0;-1
12638;0;8;486;631;110;0;-1
12639;0;8;147;632;110;0;-1
12640;0;8;396;634;110;0;-1
12641;0;8;436;661;110;0;-1
12642;0;8;146;668;110;0;-1
12643;1;8;254;680;110;0;-1
12644;0;8;517;711;110;0;-1
12645;1;8;764;729;110;0;-1
12646;1;8;226;739;110;0;-1
12647;0;8;642;744;110;0;-1
12648;0;8;509;244;111;0;-1
12649;0;8;511;284;110;0;-1
12650;0;8;695;340;110;0;-1
12651;0;8;670;341;110;0;-1
12652;0;8;441;346;110;0;-1
12653;0;8;277;354;111;0;-1
12654;0;8;343;358;110;0;-1
12655;0;8;466;360;110;0;-1
12656;0;8;613;378;111;0;-1
12657;0;8;238;414;111;0;-1
12658;0;8;279;464;110;0;-1
12659;0;8;791;518;110;0;-1
12660;0;8;836;548;110;0;-1
12661;0;8;604;607;110;0;-1
12662;0;8;417;684;110;0;-1
12663;1;8;858;694;110;0;-1
12664;0;8;497;727;110;0;-1
12665;1;8;153;736;111;0;-1
12666;1;8;782;738;111;0;-1
12667;0;8;525;742;110;0;-1
12668;1;8;168;750;110;0;-1
12669;0;8;212;787;110;0;-1
12670;0;8;548;251;112;0;-1
12671;0;8;436;262;112;0;-1
12672;0;8;436;283;112;0;-1
12673;0;8;368;314;112;0;-1
12674;0;8;401;325;112;0;-1
12675;0;8;370;334;112;0;-1
12676;0;8;512;338;112;0;-1
12677;0;8;649;347;112;0;-1
12678;0;8;591;364;112;0;-1
12679;0;8;842;431;112;0;-1
12680;0;8;821;450;112;0;-1
12681;0;8;228;459;112;0;-1
12682;0;8;192;506;112;0;-1
12683;0;8;215;579;112;0;-1
12684;0;8;451;584;112;0;-1
12685;0;8;463;641;112;0;-1
12686;0;8;833;652;112;0;-1
12687;0;8;484;662;112;0;-1
12688;0;8;771;665;112;0;-1
12689;0;8;385;676;112;0;-1
12690;1;8;187;685;112;0;-1
12691;1;8;144;694;112;0;-1
12692;1;8;794;817;112;0;-1
12693;0;8;481;251;112;0;-1
12694;0;8;397;258;112;0;-1
12695;0;8;456;293;112;0;-1
12696;0;8;686;301;112;0;-1
12697;0;8;472;327;112;0;-1
12698;0;8;279;375;112;0;-1
12699;0;8;718;382;112;0;-1
12700;0;8;796;383;112;0;-1
12701;0;8;323;389;112;0;-1
12702;0;8;823;432;113;0;-1
12703;0;8;335;483;112;0;-1
12704;0;8;277;506;112;0;-1
12705;0;8;824;520;112;0;-1
12706;0;8;358;555;112;0;-1
12707;0;8;490;592;112;0;-1
12708;0;8;796;619;112;0;-1
12709;0;8;532;627;113;0;-1
12710;0;8;759;644;113;0;-1
12711;0;8;562;648;112;0;-1
12712;0;8;737;674;112;0;-1
12713;0;8;861;676;112;0;-1
12714;0;8;491;682;112;0;-1
12715;0;8;762;683;112;0;-1
12716;0;8;739;704;112;0;-1
12717;1;8;233;705;112;0;-1
12718;0;8;483;708;112;0;-1
12719;1;8;184;765;113;0;-1
12720;0;8;525;261;114;0;-1
12721;0;8;497;262;114;0;-1
12722;0;8;378;275;114;0;-1
12723;0;8;416;286;114;0;-1
12724;0;8;690;289;114;0;-1
12725;0;8;414;361;114;0;-1
12726;0;8;393;367;114;0;-1
12727;0;8;252;377;114;0;-1
12728;0;8;696;388;114;0;-1
12729;0;8;709;406;114;0;-1
12730;0;8;632;411;114;0;-1
12731;0;8;787;429;114;0;-1
12732;0;8;229;458;114;0;-1
12733;0;8;816;462;114;0;-1
12734;0;8;243;489;114;0;-1
12735;0;8;301;493;114;0;-1
12736;0;8;179;522;114;0;-1
12737;0;8;196;525;114;0;-1
12738;0;8;178;610;114;0;-1
12739;0;8;448;618;114;0;-1
12740;0;8;162;621;114;0;-1
12741;0;8;241;623;114;0;-1
12742;0;8;877;633;114;0;-1
12743;1;8;853;652;114;0;-1
12744;0;8;759;663;114;0;-1
12745;0;8;462;687;114;0;-1
12746;1;8;887;715;114;0;-1
12747;1;8;799;720;114;0;-1
12748;0;8;711;764;114;0;-1
12749;1;8;843;806;114;0;-1
12750;0;8;467;264;114;0;-1
12751;0;8;672;274;115;0;-1
12752;0;8;351;278;114;0;-1
12753;0;8;380;294;114;0;-1
12754;0;8;418;305;114;0;-1
12755;0;8;648;324;115;0;-1
12756;0;8;308;334;114;0;-1
12757;0;8;770;348;114;0;-1
12758;0;8;668;361;114;0;-1
12759;0;8;295;425;114;0;-1
12760;0;8;760;429;115;0;-1
12761;0;8;292;543;114;0;-1
12762;0;8;150;558;114;0;-1
12763;0;8;778;578;114;0;-1
12764;0;8;382;591;114;0;-1
12765;0;8;553;629;115;0;-1
12766;0;8;223;638;114;0;-1
12767;0;8;176;658;114;0;-1
12768;0;8;246;689;114;0;-1
12769;1;8;819;694;114;0;-1
12770;0;8;565;256;115;0;-1
12771;0;8;414;268;115;0;-1
12772;0;8;500;290;116;0;-1
12773;0;8;349;309;116;0;-1
12774;0;8;326;315;116;0;-1
12775;0;8;663;316;115;0;-1
12776;0;8;490;337;115;0;-1
12777;0;8;223;505;115;0;-1
12778;0;8;868;523;116;0;-1
12779;0;8;205;552;115;0;-1
12780;0;8;795;563;115;0;-1
12781;0;8;185;564;115;0;-1
12782;0;8;743;579;116;0;-1
12783;0;8;513;603;115;0;-1
12784;0;8;873;606;115;0;-1
12785;0;8;487;609;115;0;-1
12786;0;8;766;640;115;0;-1
12787;0;8;130;659;116;0;-1
12788;1;8;889;659;115;0;-1
12789;1;8;875;668;115;0;-1
12790;1;8;214;694;115;0;-1
12791;0;8;717;763;115;0;-1
12792;0;8;879;791;116;0;-1
12793;0;8;571;312;117;0;-1
12794;0;8;624;330;117;0;-1
12795;0;8;326;347;116;0;-1
12796;0;8;689;354;116;0;-1
12797;0;8;744;360;116;0;-1
12798;0;8;632;401;116;0;-1
12799;0;8;306;452;117;0;-1
12800;0;8;784;497;116;0;-1
12801;0;8;847;515;117;0;-1
12802;0;8;215;542;116;0;-1
12803;0;8;167;567;116;0;-1
12804;0;8;155;577;116;0;-1
12805;0;8;201;589;116;0;-1
12806;0;8;233;600;117;0;-1
12807;0;8;779;609;116;0;-1
12808;0;8;141;618;116;0;-1
12809;0;8;886;618;116;0;-1
12810;0;8;831;621;116;0;-1
12811;0;8;186;630;116;0;-1
12812;0;8;444;633;116;0;-1
12813;0;8;531;653;116;0;-1
12814;0;8;756;704;116;0;-1
12815;1;8;134;721;116;0;-1
12816;1;8;197;730;116;0;-1
12817;1;8;190;750;116;0;-1
12818;1;8;751;750;116;0;-1
12819;1;8;809;750;117;0;-1
12820;1;8;859;792;116;0;-1
12821;0;8;159;838;116;0;-1
12822;0;8;835;866;116;0;-1
12823;0;8;577;249;117;0;-1
12824;0;8;574;280;117;0;-1
12825;0;8;709;312;117;0;-1
12826;0;8;464;333;117;0;-1
12827;0;8;399;335;118;0;-1
12828;0;8;358;341;117;0;-1
12829;0;8;283;342;118;0;-1
12830;0;8;363;353;117;0;-1
12831;0;8;713;354;118;0;-1
12832;0;8;625;357;117;0;-1
12833;0;8;356;370;117;0;-1
12834;0;8;734;372;117;0;-1
12835;0;8;773;401;117;0;-1
12836;0;8;224;434;117;0;-1
12837;0;8;357;437;117;0;-1
12838;0;8;750;450;118;0;-1
12839;0;8;254;453;117;0;-1
12840;0;8;214;466;118;0;-1
12841;0;8;211;483;117;0;-1
12842;0;8;162;490;117;0;-1
12843;0;8;847;491;117;0;-1
12844;0;8;167;527;117;0;-1
12845;0;8;854;561;117;0;-1
12846;0;8;137;584;117;0;-1
12847;0;8;514;655;117;0;-1
12848;0;8;811;668;117;0;-1
12849;0;8;533;675;117;0;-1
12850;1;8;211;721;117;0;-1
12851;0;8;905;731;117;0;-1
12852;1;8;853;736;117;0;-1
12853;1;8;170;775;118;0;-1
12854;1;8;780;801;117;0;-1
12855;0;8;495;244;118;0;-1
12856;0;8;619;251;119;0;-1
12857;0;8;611;285;119;0;-1
12858;0;8;343;286;118;0;-1
12859;0;8;440;300;119;0;-1
12860;0;8;383;314;118;0;-1
12861;0;8;434;324;119;0;-1
12862;0;8;786;354;118;0;-1
12863;0;8;303;368;118;0;-1
12864;0;8;655;378;119;0;-1
12865;0;8;335;381;118;0;-1
12866;0;8;202;421;118;0;-1
12867;0;8;806;431;118;0;-1
12868;0;8;282;480;118;0;-1
12869;0;8;183;489;118;0;-1
12870;0;8;248;505;118;0;-1
12871;0;8;146;543;118;0;-1
12872;0;8;873;543;118;0;-1
12873;0;8;888;587;118;0;-1
12874;0;8;747;600;118;0;-1
12875;0;8;150;640;118;0;-1
12876;0;8;904;640;118;0;-1
12877;0;8;236;668;118;0;-1
12878;1;8;146;705;119;0;-1
12879;1;8;832;830;118;0;-1
12880;0;8;465;227;120;0;-1
12881;0;8;450;229;119;0;-1
12882;0;8;636;273;120;0;-1
12883;0;8;536;287;119;0;-1
12884;0;8;497;331;119;0;-1
12885;0;8;771;332;119;0;-1
12886;0;8;552;350;120;0;-1
12887;0;8;777;366;119;0;-1
12888;0;8;684;377;120;0;-1
12889;0;8;280;401;119;0;-1
12890;0;8;807;407;119;0;-1
12891;0;8;770;466;119;0;-1
12892;0;8;480;586;119;0;-1
12893;0;8;176;590;119;0;-1
12894;0;8;196;616;119;0;-1
12895;0;8;127;618;119;0;-1
12896;0;8;477;643;120;0;-1
12897;1;8;202;660;119;0;-1
12898;1;8;150;668;119;0;-1
12899;0;8;652;246;120;0;-1
12900;0;8;683;323;121;0;-1
12901;0;8;599;329;120;0;-1
12902;0;8;745;343;120;0;-1
12903;0;8;656;344;120;0;-1
12904;0;8;771;345;121;0;-1
12905;0;8;237;386;120;0;-1
12906;0;8;791;387;120;0;-1
12907;0;8;750;388;121;0;-1
12908;0;8;236;405;121;0;-1
12909;0;8;291;407;120;0;-1
12910;0;8;220;414;120;0;-1
12911;0;8;728;438;121;0;-1
12912;0;8;826;491;121;0;-1
12913;0;8;813;504;120;0;-1
12914;0;8;223;527;120;0;-1
12915;0;8;240;535;120;0;-1
12916;0;8;866;586;120;0;-1
12917;0;8;911;610;120;0;-1
12918;0;8;217;616;120;0;-1
12919;0;8;884;630;121;0;-1
12920;1;8;203;637;120;0;-1
12921;0;8;788;641;120;0;-1
12922;0;8;501;643;120;0;-1
12923;1;8;901;706;120;0;-1
12924;1;8;166;760;120;0;-1
12925;1;8;826;773;121;0;-1
12926;1;8;811;799;120;0;-1
12927;0;8;741;987;121;0;-1
12928;0;8;584;269;121;0;-1
12929;0;8;465;279;121;0;-1
12930;0;8;313;286;121;0;-1
12931;0;8;729;298;121;0;-1
12932;0;8;752;310;122;0;-1
12933;0;8;751;321;122;0;-1
12934;0;8;261;325;122;0;-1
12935;0;8;805;347;121;0;-1
12936;0;8;254;352;122;0;-1
12937;0;8;270;380;121;0;-1
12938;0;8;734;420;121;0;-1
12939;0;8;235;452;122;0;-1
12940;0;8;835;468;121;0;-1
12941;0;8;793;549;121;0;-1
12942;0;8;126;587;121;0;-1
12943;0;8;165;613;121;0;-1
12944;0;8;852;614;121;0;-1
12945;0;8;808;650;122;0;-1
12946;0;8;847;676;122;0;-1
12947;1;8;122;691;121;0;-1
12948;1;8;831;746;121;0;-1
12949;1;8;149;751;122;0;-1
12950;0;8;593;224;122;0;-1
12951;0;8;476;236;122;0;-1
12952;0;8;419;245;122;0;-1
12953;0;8;546;268;123;0;-1
12954;0;8;512;302;122;0;-1
12955;0;8;596;302;122;0;-1
12956;0;8;705;335;122;0;-1
12957;0;8;229;372;122;0;-1
12958;0;8;306;384;122;0;-1
12959;0;8;832;410;122;0;-1
12960;0;8;211;445;122;0;-1
12961;0;8;792;451;122;0;-1
12962;0;8;815;460;123;0;-1
12963;0;8;863;487;123;0;-1
12964;0;8;778;511;122;0;-1
12965;0;8;810;525;122;0;-1
12966;0;8;819;550;122;0;-1
12967;0;8;471;664;122;0;-1
12968;0;8;776;670;122;0;-1
12969;1;8;214;679;122;0;-1
12970;1;8;887;756;122;0;-1
12971;0;8;539;232;123;0;-1
12972;0;8;515;242;124;0;-1
12973;0;8;440;243;123;0;-1
12974;0;8;461;245;124;0;-1
12975;0;8;386;277;123;0;-1
12976;0;8;485;284;123;0;-1
12977;0;8;424;284;123;0;-1
12978;0;8;540;314;123;0;-1
12979;0;8;347;322;123;0;-1
12980;0;8;281;326;123;0;-1
12981;0;8;520;334;123;0;-1
12982;0;8;728;370;123;0;-1
12983;0;8;270;423;123;0;-1
12984;0;8;250;437;123;0;-1
12985;0;8;753;511;124;0;-1
12986;0;8;142;559;123;0;-1
12987;0;8;908;561;124;0;-1
12988;1;8;132;681;123;0;-1
12989;1;8;190;708;124;0;-1
12990;1;8;130;736;123;0;-1
12991;1;8;828;773;123;0;-1
12992;1;8;785;791;123;0;-1
12993;0;8;167;801;124;0;-1
12994;0;8;866;830;123;0;-1
12995;0;8;599;237;124;0;-1
12996;0;8;380;248;124;0;-1
12997;0;8;707;266;125;0;-1
12998;0;8;497;268;124;0;-1
12999;0;8;688;285;124;0;-1
13000;0;8;712;288;125;0;-1
13001;0;8;312;309;124;0;-1
13002;0;8;481;310;124;0;-1
13003;0;8;317;330;124;0;-1
13004;0;8;377;337;124;0;-1
13005;0;8;809;366;124;0;-1
13006;0;8;801;418;124;0;-1
13007;0;8;154;501;124;0;-1
13008;0;8;171;516;124;0;-1
13009;0;8;883;528;124;0;-1
13010;0;8;760;535;124;0;-1
13011;0;8;843;535;124;0;-1
13012;0;8;166;536;124;0;-1
13013;0;8;110;632;124;0;-1
13014;0;8;868;638;124;0;-1
13015;0;8;929;659;124;0;-1
13016;1;8;903;668;124;0;-1
13017;1;8;109;671;124;0;-1
13018;1;8;136;770;124;0;-1
13019;0;8;516;261;126;0;-1
13020;0;8;668;263;126;0;-1
13021;0;8;355;278;125;0;-1
13022;0;8;656;294;125;0;-1
13023;0;8;326;300;125;0;-1
13024;0;8;411;308;125;0;-1
13025;0;8;385;369;125;0;-1
13026;0;8;771;374;125;0;-1
13027;0;8;826;384;125;0;-1
13028;0;8;193;437;125;0;-1
13029;0;8;171;476;125;0;-1
13030;0;8;775;490;125;0;-1
13031;0;8;153;520;125;0;-1
13032;0;8;204;607;125;0;-1
13033;1;8;132;618;125;0;-1
13034;1;8;847;697;125;0;-1
13035;1;8;873;733;125;0;-1
13036;1;8;795;762;126;0;-1
13037;0;8;818;846;126;0;-1
13038;0;8;510;209;127;0;-1
13039;0;8;416;260;127;0;-1
13040;0;8;476;264;127;0;-1
13041;0;8;372;265;127;0;-1
13042;0;8;724;309;128;0;-1
13043;0;8;629;324;127;0;-1
13044;0;8;787;343;127;0;-1
13045;0;8;252;408;127;0;-1
13046;0;8;852;439;127;0;-1
13047;0;8;165;451;127;0;-1
13048;0;8;240;477;127;0;-1
13049;0;8;191;539;127;0;-1
13050;0;8;810;614;127;0;-1
13051;1;8;889;651;127;0;-1
13052;1;8;815;749;127;0;-1
13053;1;8;864;805;127;0;-1
13054;1;8;839;816;127;0;-1
13055;0;8;496;224;128;0;-1
13056;0;8;376;310;127;0;-1
13057;0;8;418;321;127;0;-1
13058;0;8;737;327;128;0;-1
13059;0;8;259;345;128;0;-1
13060;0;8;692;379;128;0;-1
13061;0;8;809;391;127;0;-1
13062;0;8;732;396;127;0;-1
13063;0;8;206;424;127;0;-1
13064;0;8;199;459;127;0;-1
13065;0;8;862;463;128;0;-1
13066;0;8;209;484;127;0;-1
13067;0;8;223;502;127;0;-1
13068;0;8;838;571;128;0;-1
13069;0;8;121;572;127;0;-1
13070;0;8;138;584;127;0;-1
13071;0;8;905;584;128;0;-1
13072;0;8;882;612;128;0;-1
13073;0;8;806;676;127;0;-1
13074;1;8;125;707;127;0;-1
13075;1;8;178;736;127;0;-1
13076;0;8;575;253;129;0;-1
13077;0;8;534;254;129;0;-1
13078;0;8;447;290;129;0;-1
13079;0;8;628;298;129;0;-1
13080;0;8;280;313;129;0;-1
13081;0;8;294;330;129;0;-1
13082;0;8;776;332;129;0;-1
13083;0;8;309;346;129;0;-1
13084;0;8;842;447;129;0;-1
13085;0;8;177;457;129;0;-1
13086;0;8;185;495;129;0;-1
13087;0;8;178;552;129;0;-1
13088;0;8;855;560;129;0;-1
13089;0;8;158;576;129;0;-1
13090;0;8;893;626;129;0;-1
13091;0;8;840;640;129;0;-1
13092;0;8;868;665;129;0;-1
13093;1;8;868;705;129;0;-1
13094;1;8;104;709;129;0;-1
13095;1;8;163;715;129;0;-1
13096;1;8;909;742;129;0;-1
13097;0;8;179;933;129;0;-1
13098;0;8;580;221;130;0;-1
13099;0;8;556;237;130;0;-1
13100;0;8;646;264;130;0;-1
13101;0;8;597;279;130;0;-1
13102;0;8;635;280;130;0;-1
13103;0;8;331;281;130;0;-1
13104;0;8;507;287;130;0;-1
13105;0;8;679;294;130;0;-1
13106;0;8;319;329;130;0;-1
13107;0;8;228;374;130;0;-1
13108;0;8;333;382;130;0;-1
13109;0;8;779;386;130;0;-1
13110;0;8;762;409;130;0;-1
13111;0;8;775;428;130;0;-1
13112;0;8;796;503;130;0;-1
13113;0;8;888;507;130;0;-1
13114;0;8;829;517;130;0;-1
13115;0;8;124;543;130;0;-1
13116;0;8;152;543;130;0;-1
13117;0;8;882;546;130;0;-1
13118;0;8;197;581;130;0;-1
13119;0;8;833;591;130;0;-1
13120;0;8;110;600;130;0;-1
13121;0;8;147;603;130;0;-1
13122;1;8;114;647;130;0;-1
13123;1;8;170;665;130;0;-1
13124;1;8;897;728;130;0;-1
13125;1;8;831;772;130;0;-1
13126;0;8;401;237;131;0;-1
13127;0;8;554;264;131;0;-1
13128;0;8;289;295;131;0;-1
13129;0;8;746;298;131;0;-1
13130;0;8;260;344;131;0;-1
13131;0;8;669;348;131;0;-1
13132;0;8;294;362;131;0;-1
13133;0;8;213;391;131;0;-1
13134;0;8;847;466;131;0;-1
13135;0;8;232;555;131;0;-1
13136;0;8;813;568;131;0;-1
13137;0;8;879;637;131;0;-1
13138;1;8;110;735;131;0;-1
13139;1;8;873;770;131;0;-1
13140;0;8;495;245;132;0;-1
13141;0;8;610;258;132;0;-1
13142;0;8;349;262;132;0;-1
13143;0;8;470;291;132;0;-1
13144;0;8;686;320;132;0;-1
13145;0;8;721;348;132;0;-1
13146;0;8;236;352;132;0;-1
13147;0;8;695;355;132;0;-1
13148;0;8;744;359;132;0;-1
13149;0;8;815;361;132;0;-1
13150;0;8;229;412;132;0;-1
13151;0;8;856;416;132;0;-1
13152;0;8;888;460;132;0;-1
13153;0;8;840;483;132;0;-1
13154;0;8;893;522;132;0;-1
13155;0;8;885;590;132;0;-1
13156;0;8;854;593;132;0;-1
13157;0;8;168;617;132;0;-1
13158;0;8;912;622;132;0;-1
13159;0;8;189;632;132;0;-1
13160;0;8;916;638;132;0;-1
13161;0;8;198;650;132;0;-1
13162;0;8;848;656;132;0;-1
13163;1;8;97;666;132;0;-1
13164;1;8;165;683;132;0;-1
13165;0;8;797;737;132;0;-1
13166;0;8;640;237;133;0;-1
13167;0;8;352;240;133;0;-1
13168;0;8;438;252;133;0;-1
13169;0;8;629;258;133;0;-1
13170;0;8;709;263;133;0;-1
13171;0;8;727;273;133;0;-1
13172;0;8;405;280;133;0;-1
13173;0;8;560;300;133;0;-1
13174;0;8;391;301;133;0;-1
13175;0;8;758;314;133;0;-1
13176;0;8;833;409;133;0;-1
13177;0;8;800;468;133;0;-1
13178;0;8;869;485;133;0;-1
13179;0;8;165;499;133;0;-1
13180;0;8;139;511;133;0;-1
13181;0;8;206;524;133;0;-1
13182;0;8;862;528;133;0;-1
13183;0;8;103;574;133;0;-1
13184;0;8;111;614;133;0;-1
13185;0;8;824;666;133;0;-1
13186;1;8;859;840;133;0;-1
13187;0;8;426;219;134;0;-1
13188;0;8;549;222;134;0;-1
13189;0;8;358;246;134;0;-1
13190;0;8;454;252;134;0;-1
13191;0;8;399;261;134;0;-1
13192;0;8;582;284;135;0;-1
13193;0;8;307;300;134;0;-1
13194;0;8;611;303;134;0;-1
13195;0;8;804;313;134;0;-1
13196;0;8;807;337;134;0;-1
13197;0;8;792;361;134;0;-1
13198;0;8;268;388;134;0;-1
13199;0;8;852;398;134;0;-1
13200;0;8;129;593;134;0;-1
13201;1;8;95;640;134;0;-1
13202;0;8;916;665;134;0;-1
13203;0;8;915;784;134;0;-1
13204;0;8;870;873;134;0;-1
13205;0;8;524;210;135;0;-1
13206;0;8;496;214;135;0;-1
13207;0;8;473;228;135;0;-1
13208;0;8;592;248;135;0;-1
13209;0;8;463;266;135;0;-1
13210;0;8;308;276;135;0;-1
13211;0;8;720;288;135;0;-1
13212;0;8;602;294;135;0;-1
13213;0;8;785;312;135;0;-1
13214;0;8;261;313;135;0;-1
13215;0;8;652;314;135;0;-1
13216;0;8;277;327;135;0;-1
13217;0;8;721;346;135;0;-1
13218;0;8;279;351;135;0;-1
13219;0;8;186;414;135;0;-1
13220;0;8;770;441;135;0;-1
13221;0;8;153;525;135;0;-1
13222;0;8;931;583;135;0;-1
13223;1;8;124;688;135;0;-1
13224;1;8;915;690;135;0;-1
13225;1;8;905;774;135;0;-1
13226;0;8;764;277;136;0;-1
13227;0;8;756;284;135;0;-1
13228;0;8;770;304;135;0;-1
13229;0;8;727;308;136;0;-1
13230;0;8;262;344;135;0;-1
13231;0;8;769;352;135;0;-1
13232;0;8;745;359;135;0;-1
13233;0;8;811;400;135;0;-1
13234;0;8;793;409;136;0;-1
13235;0;8;228;436;135;0;-1
13236;0;8;169;443;135;0;-1
13237;0;8;158;457;135;0;-1
13238;0;8;144;477;136;0;-1
13239;0;8;828;496;135;0;-1
13240;0;8;811;526;135;0;-1
13241;0;8;140;555;136;0;-1
13242;0;8;869;571;135;0;-1
13243;0;8;895;626;135;0;-1
13244;0;8;171;645;135;0;-1
13245;1;8;153;647;135;0;-1
13246;1;8;173;668;135;0;-1
13247;1;8;856;729;136;0;-1
13248;1;8;175;734;136;0;-1
13249;0;8;580;212;137;0;-1
13250;0;8;563;233;137;0;-1
13251;0;8;366;277;137;0;-1
13252;0;8;519;277;137;0;-1
13253;0;8;329;303;137;0;-1
13254;0;8;364;313;137;0;-1
13255;0;8;238;335;137;0;-1
13256;0;8;172;396;137;0;-1
13257;0;8;776;419;137;0;-1
13258;0;8;813;423;137;0;-1
13259;0;8;873;434;137;0;-1
13260;0;8;197;438;137;0;-1
13261;0;8;185;475;137;0;-1
13262;0;8;187;517;137;0;-1
13263;0;8;174;600;137;0;-1
13264;0;8;94;608;137;0;-1
13265;1;8;88;699;137;0;-1
13266;1;8;113;773;137;0;-1
13267;1;8;887;813;137;0;-1
13268;1;8;870;821;137;0;-1
13269;0;8;625;204;137;0;-1
13270;0;8;473;209;137;0;-1
13271;0;8;396;231;137;0;-1
13272;0;8;659;242;137;0;-1
13273;0;8;412;248;137;0;-1
13274;0;8;505;249;138;0;-1
13275;0;8;664;281;137;0;-1
13276;0;8;722;287;138;0;-1
13277;0;8;695;337;137;0;-1
13278;0;8;833;341;137;0;-1
13279;0;8;261;368;137;0;-1
13280;0;8;208;404;137;0;-1
13281;0;8;824;444;137;0;-1
13282;0;8;203;496;137;0;-1
13283;0;8;125;514;137;0;-1
13284;0;8;910;535;137;0;-1
13285;0;8;913;550;138;0;-1
13286;1;8;883;671;137;0;-1
13287;1;8;895;699;137;0;-1
13288;1;8;161;702;138;0;-1
13289;1;8;145;717;137;0;-1
13290;1;8;922;750;137;0;-1
13291;1;8;856;793;137;0;-1
13292;0;8;897;830;137;0;-1
13293;0;8;111;845;137;0;-1
13294;0;8;600;218;139;0;-1
13295;0;8;525;231;139;0;-1
13296;0;8;383;236;139;0;-1
13297;0;8;439;238;139;0;-1
13298;0;8;697;253;139;0;-1
13299;0;8;333;260;139;0;-1
13300;0;8;424;277;139;0;-1
13301;0;8;688;284;139;0;-1
13302;0;8;263;286;139;0;-1
13303;0;8;349;289;139;0;-1
13304;0;8;676;308;139;0;-1
13305;0;8;305;338;139;0;-1
13306;0;8;841;371;139;0;-1
13307;0;8;214;373;139;0;-1
13308;0;8;234;374;139;0;-1
13309;0;8;864;380;139;0;-1
13310;0;8;744;381;139;0;-1
13311;0;8;792;382;139;0;-1
13312;0;8;768;391;139;0;-1
13313;0;8;152;484;139;0;-1
13314;0;8;109;544;139;0;-1
13315;0;8;115;604;139;0;-1
13316;0;8;865;607;139;0;-1
13317;0;8;885;647;139;0;-1
13318;0;8;857;675;139;0;-1
13319;1;8;931;685;139;0;-1
13320;0;8;840;687;139;0;-1
13321;1;8;907;712;139;0;-1
13322;0;8;430;197;139;0;-1
13323;0;8;450;223;139;0;-1
13324;0;8;681;239;139;0;-1
13325;0;8;285;284;140;0;-1
13326;0;8;788;300;139;0;-1
13327;0;8;305;304;140;0;-1
13328;0;8;154;439;140;0;-1
13329;0;8;826;469;140;0;-1
13330;0;8;170;524;139;0;-1
13331;0;8;830;548;139;0;-1
13332;0;8;110;565;139;0;-1
13333;0;8;926;608;139;0;-1
13334;0;8;106;627;139;0;-1
13335;1;8;910;646;139;0;-1
13336;1;8;84;657;139;0;-1
13337;1;8;142;669;139;0;-1
13338;1;8;156;744;139;0;-1
13339;0;8;554;206;141;0;-1
13340;0;8;523;256;141;0;-1
13341;0;8;735;260;141;0;-1
13342;0;8;543;274;141;0;-1
13343;0;8;321;287;141;0;-1
13344;0;8;724;287;141;0;-1
13345;0;8;743;287;141;0;-1
13346;0;8;703;290;141;0;-1
13347;0;8;319;324;141;0;-1
13348;0;8;214;351;141;0;-1
13349;0;8;167;418;141;0;-1
13350;0;8;892;489;141;0;-1
13351;0;8;902;557;141;0;-1
13352;0;8;85;581;141;0;-1
13353;1;8;97;713;141;0;-1
13354;1;8;845;715;141;0;-1
13355;1;8;134;746;141;0;-1
13356;0;8;412;216;141;0;-1
13357;0;8;641;217;141;0;-1
13358;0;8;495;228;141;0;-1
13359;0;8;479;246;141;0;-1
13360;0;8;303;253;141;0;-1
13361;0;8;578;259;142;0;-1
13362;0;8;307;270;141;0;-1
13363;0;8;806;353;141;0;-1
13364;0;8;190;402;142;0;-1
13365;0;8;869;411;142;0;-1
13366;0;8;189;417;141;0;-1
13367;0;8;135;534;141;0;-1
13368;0;8;927;561;142;0;-1
13369;1;8;142;623;141;0;-1
13370;1;8;878;687;141;0;-1
13371;1;8;110;748;142;0;-1
13372;0;8;446;202;143;0;-1
13373;0;8;365;224;143;0;-1
13374;0;8;421;246;143;0;-1
13375;0;8;555;250;143;0;-1
13376;0;8;288;308;143;0;-1
13377;0;8;299;321;143;0;-1
13378;0;8;792;327;143;0;-1
13379;0;8;742;332;143;0;-1
13380;0;8;252;396;143;0;-1
13381;0;8;223;413;143;0;-1
13382;0;8;891;422;143;0;-1
13383;0;8;885;442;143;0;-1
13384;0;8;901;478;143;0;-1
13385;0;8;872;493;143;0;-1
13386;0;8;177;499;143;0;-1
13387;0;8;923;508;143;0;-1
13388;0;8;143;510;143;0;-1
13389;0;8;863;546;143;0;-1
13390;0;8;127;582;143;0;-1
13391;0;8;911;596;143;0;-1
13392;0;8;887;611;143;0;-1
13393;1;8;100;638;143;0;-1
13394;0;8;868;646;143;0;-1
13395;1;8;154;688;143;0;-1
13396;1;8;78;699;143;0;-1
13397;1;8;162;702;143;0;-1
13398;1;8;889;772;143;0;-1
13399;0;8;93;791;143;0;-1
13400;0;8;685;244;143;0;-1
13401;0;8;325;252;143;0;-1
13402;0;8;768;274;143;0;-1
13403;0;8;254;296;143;0;-1
13404;0;8;269;303;143;0;-1
13405;0;8;226;308;144;0;-1
13406;0;8;755;349;143;0;-1
13407;0;8;821;365;143;0;-1
13408;0;8;220;394;143;0;-1
13409;0;8;863;450;143;0;-1
13410;0;8;848;461;143;0;-1
13411;0;8;167;476;143;0;-1
13412;0;8;868;517;143;0;-1
13413;0;8;152;547;143;0;-1
13414;0;8;872;586;143;0;-1
13415;0;8;927;587;143;0;-1
13416;1;8;80;606;143;0;-1
13417;0;8;927;630;143;0;-1
13418;1;8;83;632;143;0;-1
13419;1;8;94;685;143;0;-1
13420;1;8;136;697;143;0;-1
13421;1;8;86;733;143;0;-1
13422;1;8;892;744;143;0;-1
13423;0;8;521;216;145;0;-1
13424;0;8;645;235;145;0;-1
13425;0;8;345;239;145;0;-1
13426;0;8;665;310;145;0;-1
13427;0;8;810;311;145;0;-1
13428;0;8;243;314;145;0;-1
13429;0;8;253;325;145;0;-1
13430;0;8;239;336;145;0;-1
13431;0;8;783;365;145;0;-1
13432;0;8;780;433;145;0;-1
13433;0;8;805;438;145;0;-1
13434;0;8;135;474;145;0;-1
13435;0;8;187;483;145;0;-1
13436;0;8;854;492;145;0;-1
13437;0;8;893;522;145;0;-1
13438;0;8;94;525;145;0;-1
13439;0;8;161;589;145;0;-1
13440;1;8;133;647;145;0;-1
13441;0;8;858;692;145;0;-1
13442;0;8;945;726;145;0;-1
13443;1;8;929;733;145;0;-1
13444;1;8;883;793;145;0;-1
13445;1;8;864;804;145;0;-1
13446;0;8;525;197;145;0;-1
13447;0;8;498;203;145;0;-1
13448;0;8;668;209;145;0;-1
13449;0;8;712;230;145;0;-1
13450;0;8;457;250;145;0;-1
13451;0;8;670;258;145;0;-1
13452;0;8;603;264;146;0;-1
13453;0;8;627;278;145;0;-1
13454;0;8;646;295;145;0;-1
13455;0;8;776;324;145;0;-1
13456;0;8;230;357;146;0;-1
13457;0;8;847;366;145;0;-1
13458;0;8;837;387;145;0;-1
13459;0;8;182;388;146;0;-1
13460;0;8;800;406;145;0;-1
13461;0;8;129;491;146;0;-1
13462;0;8;164;520;145;0;-1
13463;0;8;849;537;145;0;-1
13464;0;8;88;552;145;0;-1
13465;1;8;64;642;145;0;-1
13466;1;8;102;654;145;0;-1
13467;1;8;903;661;145;0;-1
13468;1;8;76;668;145;0;-1
13469;1;8;99;769;145;0;-1
13470;1;8;921;770;145;0;-1
13471;0;8;559;203;147;0;-1
13472;0;8;619;226;147;0;-1
13473;0;8;359;238;147;0;-1
13474;0;8;632;246;147;0;-1
13475;0;8;333;255;147;0;-1
13476;0;8;565;267;147;0;-1
13477;0;8;444;268;147;0;-1
13478;0;8;645;279;147;0;-1
13479;0;8;391;280;147;0;-1
13480;0;8;689;321;147;0;-1
13481;0;8;720;329;147;0;-1
13482;0;8;198;372;147;0;-1
13483;0;8;840;409;147;0;-1
13484;0;8;182;459;147;0;-1
13485;0;8;883;460;147;0;-1
13486;0;8;118;520;147;0;-1
13487;0;8;915;529;147;0;-1
13488;0;8;890;580;147;0;-1
13489;1;8;84;597;147;0;-1
13490;1;8;909;787;147;0;-1
13491;0;8;579;185;147;0;-1
13492;0;8;358;262;147;0;-1
13493;0;8;719;266;148;0;-1
13494;0;8;772;302;148;0;-1
13495;0;8;211;328;148;0;-1
13496;0;8;265;338;147;0;-1
13497;0;8;255;355;147;0;-1
13498;0;8;197;440;147;0;-1
13499;0;8;795;473;147;0;-1
13500;0;8;856;565;147;0;-1
13501;0;8;63;565;147;0;-1
13502;0;8;148;577;148;0;-1
13503;0;8;102;589;147;0;-1
13504;0;8;886;632;147;0;-1
13505;1;8;137;668;147;0;-1
13506;0;8;870;848;147;0;-1
13507;0;8;473;192;149;0;-1
13508;0;8;613;200;149;0;-1
13509;0;8;714;247;149;0;-1
13510;0;8;306;253;149;0;-1
13511;0;8;342;277;149;0;-1
13512;0;8;664;286;149;0;-1
13513;0;8;703;288;149;0;-1
13514;0;8;870;382;149;0;-1
13515;0;8;816;418;149;0;-1
13516;0;8;171;434;149;0;-1
13517;0;8;133;443;149;0;-1
13518;0;8;154;446;149;0;-1
13519;0;8;869;473;149;0;-1
13520;0;8;840;483;149;0;-1
13521;0;8;915;565;149;0;-1
13522;0;8;97;571;149;0;-1
13523;1;8;940;705;149;0;-1
13524;1;8;924;753;149;0;-1
13525;0;8;391;246;149;0;-1
13526;0;8;647;256;150;0;-1
13527;0;8;405;258;149;0;-1
13528;0;8;784;276;149;0;-1
13529;0;8;815;338;149;0;-1
13530;0;8;181;346;151;0;-1
13531;0;8;184;364;149;0;-1
13532;0;8;208;386;149;0;-1
13533;0;8;152;405;149;0;-1
13534;0;8;901;449;150;0;-1
13535;0;8;153;468;150;0;-1
13536;0;8;800;476;149;0;-1
13537;0;8;114;482;149;0;-1
13538;0;8;172;513;149;0;-1
13539;1;8;63;675;149;0;-1
13540;1;8;120;690;149;0;-1
13541;1;8;97;692;150;0;-1
13542;1;8;76;711;149;0;-1
13543;1;8;125;716;150;0;-1
13544;1;8;916;728;149;0;-1
13545;0;8;476;177;151;0;-1
13546;0;8;578;211;151;0;-1
13547;0;8;377;215;151;0;-1
13548;0;8;666;217;151;0;-1
13549;0;8;562;223;151;0;-1
13550;0;8;496;226;151;0;-1
13551;0;8;324;233;151;0;-1
13552;0;8;588;254;151;0;-1
13553;0;8;754;278;151;0;-1
13554;0;8;232;303;151;0;-1
13555;0;8;762;364;151;0;-1
13556;0;8;235;373;151;0;-1
13557;0;8;153;488;151;0;-1
13558;0;8;93;519;151;0;-1
13559;0;8;889;544;151;0;-1
13560;0;8;135;545;151;0;-1
13561;1;8;82;621;151;0;-1
13562;0;8;876;651;151;0;-1
13563;0;8;923;662;151;0;-1
13564;1;8;81;738;151;0;-1
13565;0;8;537;178;152;0;-1
13566;0;8;512;193;151;0;-1
13567;0;8;460;226;152;0;-1
13568;0;8;589;233;152;0;-1
13569;0;8;752;251;151;0;-1
13570;0;8;683;255;151;0;-1
13571;0;8;288;268;151;0;-1
13572;0;8;282;314;151;0;-1
13573;0;8;858;348;151;0;-1
13574;0;8;862;397;151;0;-1
13575;0;8;895;428;151;0;-1
13576;0;8;913;479;151;0;-1
13577;0;8;918;543;151;0;-1
13578;0;8;67;583;151;0;-1
13579;0;8;954;675;151;0;-1
13580;1;8;881;706;151;0;-1
13581;1;8;68;723;151;0;-1
13582;1;8;91;745;151;0;-1
13583;0;8;386;190;153;0;-1
13584;0;8;647;204;153;0;-1
13585;0;8;396;206;153;0;-1
13586;0;8;521;237;153;0;-1
13587;0;8;433;250;153;0;-1
13588;0;8;742;275;153;0;-1
13589;0;8;731;286;153;0;-1
13590;0;8;327;288;153;0;-1
13591;0;8;230;324;153;0;-1
13592;0;8;843;337;153;0;-1
13593;0;8;795;340;153;0;-1
13594;0;8;206;353;153;0;-1
13595;0;8;808;358;153;0;-1
13596;0;8;879;414;153;0;-1
13597;0;8;157;420;153;0;-1
13598;0;8;117;528;153;0;-1
13599;0;8;72;543;153;0;-1
13600;0;8;936;550;153;0;-1
13601;0;8;137;590;153;0;-1
13602;0;8;948;609;153;0;-1
13603;0;8;913;616;153;0;-1
13604;0;8;917;637;153;0;-1
13605;1;8;121;689;153;0;-1
13606;1;8;920;703;153;0;-1
13607;1;8;102;722;153;0;-1
13608;0;8;540;207;154;0;-1
13609;0;8;442;228;153;0;-1
13610;0;8;348;237;153;0;-1
13611;0;8;481;242;153;0;-1
13612;0;8;214;321;154;0;-1
13613;0;8;765;324;153;0;-1
13614;0;8;231;357;153;0;-1
13615;0;8;162;380;153;0;-1
13616;0;8;135;396;153;0;-1
13617;0;8;877;437;154;0;-1
13618;0;8;108;460;153;0;-1
13619;0;8;128;462;153;0;-1
13620;0;8;875;491;153;0;-1
13621;0;8;107;493;155;0;-1
13622;0;8;898;525;154;0;-1
13623;0;8;181;541;153;0;-1
13624;0;8;864;574;154;0;-1
13625;1;8;62;629;153;0;-1
13626;0;8;959;631;153;0;-1
13627;0;8;946;635;154;0;-1
13628;0;8;903;647;153;0;-1
13629;1;8;78;660;154;0;-1
13630;0;8;439;182;155;0;-1
13631;0;8;428;214;155;0;-1
13632;0;8;376;219;155;0;-1
13633;0;8;732;250;155;0;-1
13634;0;8;286;255;155;0;-1
13635;0;8;771;293;155;0;-1
13636;0;8;669;303;155;0;-1
13637;0;8;712;319;155;0;-1
13638;0;8;780;322;155;0;-1
13639;0;8;778;344;155;0;-1
13640;0;8;801;381;155;0;-1
13641;0;8;135;422;155;0;-1
13642;0;8;841;438;155;0;-1
13643;0;8;855;440;155;0;-1
13644;0;8;161;468;155;0;-1
13645;0;8;897;479;155;0;-1
13646;0;8;81;501;155;0;-1
13647;0;8;156;503;155;0;-1
13648;0;8;905;505;155;0;-1
13649;0;8;125;513;155;0;-1
13650;0;8;85;555;155;0;-1
13651;0;8;122;559;155;0;-1
13652;0;8;874;591;155;0;-1
13653;1;8;85;601;155;0;-1
13654;1;8;38;621;155;0;-1
13655;1;8;113;628;155;0;-1
13656;0;8;133;633;155;0;-1
13657;0;8;68;825;155;0;-1
13658;0;8;449;198;155;0;-1
13659;0;8;311;277;155;0;-1
13660;0;8;693;286;156;0;-1
13661;0;8;342;300;155;0;-1
13662;0;8;738;318;155;0;-1
13663;0;8;191;389;155;0;-1
13664;0;8;174;412;155;0;-1
13665;0;8;202;412;155;0;-1
13666;0;8;184;433;155;0;-1
13667;0;8;878;510;155;0;-1
13668;0;8;942;587;155;0;-1
13669;0;8;128;608;155;0;-1
13670;1;8;924;784;155;0;-1
13671;0;8;597;190;157;0;-1
13672;0;8;588;213;157;0;-1
13673;0;8;350;216;157;0;-1
13674;0;8;308;222;157;0;-1
13675;0;8;690;229;157;0;-1
13676;0;8;660;237;157;0;-1
13677;0;8;455;247;157;0;-1
13678;0;8;335;248;157;0;-1
13679;0;8;628;257;157;0;-1
13680;0;8;352;267;157;0;-1
13681;0;8;272;289;157;0;-1
13682;0;8;861;365;157;0;-1
13683;0;8;127;477;157;0;-1
13684;0;8;856;532;157;0;-1
13685;0;8;98;550;157;0;-1
13686;0;8;956;572;157;0;-1
13687;0;8;946;631;157;0;-1
13688;1;8;103;650;157;0;-1
13689;1;8;114;668;157;0;-1
13690;1;8;890;811;157;0;-1
13691;0;8;628;178;158;0;-1
13692;0;8;308;236;157;0;-1
13693;0;8;605;247;157;0;-1
13694;0;8;706;252;157;0;-1
13695;0;8;825;286;158;0;-1
13696;0;8;254;324;158;0;-1
13697;0;8;832;332;157;0;-1
13698;0;8;134;420;157;0;-1
13699;0;8;139;447;157;0;-1
13700;0;8;847;473;158;0;-1
13701;0;8;100;474;157;0;-1
13702;0;8;943;522;157;0;-1
13703;1;8;60;643;157;0;-1
13704;0;8;481;174;159;0;-1
13705;0;8;460;180;159;0;-1
13706;0;8;692;228;159;0;-1
13707;0;8;372;246;159;0;-1
13708;0;8;653;266;159;0;-1
13709;0;8;800;275;159;0;-1
13710;0;8;255;300;159;0;-1
13711;0;8;826;304;159;0;-1
13712;0;8;324;313;159;0;-1
13713;0;8;197;330;159;0;-1
13714;0;8;186;342;159;0;-1
13715;0;8;217;342;159;0;-1
13716;0;8;108;430;159;0;-1
13717;0;8;841;434;159;0;-1
13718;0;8;121;436;159;0;-1
13719;0;8;918;458;159;0;-1
13720;0;8;83;501;159;0;-1
13721;0;8;135;570;159;0;-1
13722;0;8;890;571;159;0;-1
13723;0;8;924;575;159;0;-1
13724;0;8;81;586;159;0;-1
13725;0;8;932;603;159;0;-1
13726;1;8;55;605;159;0;-1
13727;1;8;57;672;159;0;-1
13728;1;8;109;723;159;0;-1
13729;0;8;515;173;159;0;-1
13730;0;8;558;180;160;0;-1
13731;0;8;634;195;159;0;-1
13732;0;8;454;206;159;0;-1
13733;0;8;404;218;159;0;-1
13734;0;8;673;251;159;0;-1
13735;0;8;262;274;159;0;-1
13736;0;8;187;366;160;0;-1
13737;0;8;883;435;159;0;-1
13738;0;8;89;533;159;0;-1
13739;0;8;58;549;159;0;-1
13740;0;8;943;664;159;0;-1
13741;1;8;929;688;159;0;-1
13742;1;8;897;693;159;0;-1
13743;1;8;91;705;160;0;-1
13744;1;8;911;716;159;0;-1
13745;1;8;93;722;159;0;-1
13746;1;8;946;726;159;0;-1
13747;1;8;942;751;159;0;-1
13748;0;8;497;186;161;0;-1
13749;0;8;417;192;161;0;-1
13750;0;8;614;194;161;0;-1
13751;0;8;310;234;161;0;-1
13752;0;8;262;248;161;0;-1
13753;0;8;781;281;161;0;-1
13754;0;8;221;283;161;0;-1
13755;0;8;729;292;161;0;-1
13756;0;8;235;311;161;0;-1
13757;0;8;206;380;161;0;-1
13758;0;8;143;403;161;0;-1
13759;0;8;895;541;161;0;-1
13760;0;8;874;643;161;0;-1
13761;1;8;49;693;161;0;-1
13762;0;8;944;778;161;0;-1
13763;0;8;73;791;161;0;-1
13764;1;8;877;805;161;0;-1
13765;0;8;655;186;162;0;-1
13766;0;8;482;200;161;0;-1
13767;0;8;670;214;161;0;-1
13768;0;8;384;221;162;0;-1
13769;0;8;745;222;161;0;-1
13770;0;8;565;229;162;0;-1
13771;0;8;413;237;161;0;-1
13772;0;8;753;246;161;0;-1
13773;0;8;471;253;162;0;-1
13774;0;8;674;276;161;0;-1
13775;0;8;296;300;161;0;-1
13776;0;8;809;325;161;0;-1
13777;0;8;216;340;162;0;-1
13778;0;8;830;393;161;0;-1
13779;0;8;906;439;162;0;-1
13780;0;8;817;458;161;0;-1
13781;0;8;916;476;161;0;-1
13782;0;8;936;490;161;0;-1
13783;0;8;52;569;161;0;-1
13784;0;8;117;581;163;0;-1
13785;0;8;906;600;161;0;-1
13786;0;8;914;625;161;0;-1
13787;1;8;118;656;161;0;-1
13788;1;8;45;660;161;0;-1
13789;1;8;887;723;161;0;-1
13790;0;8;921;839;161;0;-1
13791;0;8;608;208;163;0;-1
13792;0;8;695;226;163;0;-1
13793;0;8;325;265;163;0;-1
13794;0;8;275;287;163;0;-1
13795;0;8;792;298;163;0;-1
13796;0;8;857;340;163;0;-1
13797;0;8;192;350;163;0;-1
13798;0;8;148;459;163;0;-1
13799;0;8;859;511;163;0;-1
13800;0;8;87;515;163;0;-1
13801;1;8;75;691;163;0;-1
13802;0;8;347;196;163;0;-1
13803;0;8;387;199;164;0;-1
13804;0;8;331;220;163;0;-1
13805;0;8;545;223;164;0;-1
13806;0;8;467;228;163;0;-1
13807;0;8;281;243;163;0;-1
13808;0;8;282;266;163;0;-1
13809;0;8;775;302;164;0;-1
13810;0;8;183;319;164;0;-1
13811;0;8;144;381;163;0;-1
13812;0;8;854;385;164;0;-1
13813;0;8;888;385;163;0;-1
13814;0;8;99;445;163;0;-1
13815;0;8;917;475;163;0;-1
13816;0;8;83;485;163;0;-1
13817;0;8;73;522;163;0;-1
13818;0;8;63;551;164;0;-1
13819;1;8;66;624;163;0;-1
13820;1;8;93;637;163;0;-1
13821;1;8;50;703;163;0;-1
13822;1;8;66;731;163;0;-1
13823;1;8;901;750;163;0;-1
13824;0;8;52;784;163;0;-1
13825;0;8;517;205;165;0;-1
13826;0;8;785;244;165;0;-1
13827;0;8;703;271;165;0;-1
13828;0;8;754;313;165;0;-1
13829;0;8;787;355;165;0;-1
13830;0;8;897;404;165;0;-1
13831;0;8;162;437;165;0;-1
13832;0;8;828;468;165;0;-1
13833;0;8;146;481;165;0;-1
13834;0;8;920;515;165;0;-1
13835;0;8;71;578;165;0;-1
13836;1;8;931;703;165;0;-1
13837;0;8;693;191;166;0;-1
13838;0;8;302;253;165;0;-1
13839;0;8;714;255;165;0;-1
13840;0;8;342;260;165;0;-1
13841;0;8;305;274;165;0;-1
13842;0;8;755;283;165;0;-1
13843;0;8;223;316;165;0;-1
13844;0;8;209;358;165;0;-1
13845;0;8;122;406;165;0;-1
13846;0;8;822;410;165;0;-1
13847;0;8;910;434;166;0;-1
13848;0;8;862;450;165;0;-1
13849;0;8;115;483;165;0;-1
13850;0;8;946;533;165;0;-1
13851;0;8;75;541;165;0;-1
13852;0;8;103;610;165;0;-1
13853;0;8;912;661;165;0;-1
13854;1;8;26;662;165;0;-1
13855;1;8;926;796;165;0;-1
13856;0;8;534;157;166;0;-1
13857;0;8;682;201;166;0;-1
13858;0;8;711;217;166;0;-1
13859;0;8;839;313;166;0;-1
13860;0;8;244;330;166;0;-1
13861;0;8;171;354;166;0;-1
13862;0;8;818;378;166;0;-1
13863;0;8;875;379;166;0;-1
13864;0;8;930;436;166;0;-1
13865;0;8;901;471;167;0;-1
13866;0;8;146;506;166;0;-1
13867;1;8;35;610;166;0;-1
13868;0;8;955;658;166;0;-1
13869;0;8;603;169;168;0;-1
13870;0;8;438;175;168;0;-1
13871;0;8;632;179;168;0;-1
13872;0;8;504;180;168;0;-1
13873;0;8;654;208;168;0;-1
13874;0;8;363;210;168;0;-1
13875;0;8;364;257;168;0;-1
13876;0;8;740;264;168;0;-1
13877;0;8;721;315;168;0;-1
13878;0;8;868;327;168;0;-1
13879;0;8;825;340;168;0;-1
13880;0;8;171;410;168;0;-1
13881;0;8;141;419;168;0;-1
13882;0;8;918;495;168;0;-1
13883;0;8;58;519;168;0;-1
13884;0;8;132;545;168;0;-1
13885;1;8;41;576;168;0;-1
13886;0;8;121;587;168;0;-1
13887;0;8;104;611;168;0;-1
13888;0;8;107;640;168;0;-1
13889;0;8;944;659;168;0;-1
13890;1;8;78;668;168;0;-1
13891;1;8;94;691;168;0;-1
13892;0;8;481;168;168;0;-1
13893;0;8;314;213;168;0;-1
13894;0;8;618;227;168;0;-1
13895;0;8;733;236;168;0;-1
13896;0;8;244;264;168;0;-1
13897;0;8;805;285;169;0;-1
13898;0;8;824;317;168;0;-1
13899;0;8;191;339;168;0;-1
13900;0;8;159;347;168;0;-1
13901;0;8;106;443;168;0;-1
13902;0;8;108;463;169;0;-1
13903;0;8;935;554;168;0;-1
13904;0;8;953;565;168;0;-1
13905;0;8;563;172;170;0;-1
13906;0;8;538;186;170;0;-1
13907;0;8;593;188;170;0;-1
13908;0;8;391;199;170;0;-1
13909;0;8;193;309;170;0;-1
13910;0;8;112;428;170;0;-1
13911;0;8;863;482;170;0;-1
13912;0;8;101;587;170;0;-1
13913;0;8;956;595;170;0;-1
13914;1;8;51;599;170;0;-1
13915;1;8;942;689;170;0;-1
13916;0;8;964;722;170;0;-1
13917;0;8;455;197;171;0;-1
13918;0;8;524;201;171;0;-1
13919;0;8;468;213;170;0;-1
13920;0;8;416;220;171;0;-1
13921;0;8;366;236;170;0;-1
13922;0;8;267;242;170;0;-1
13923;0;8;688;247;170;0;-1
13924;0;8;756;247;171;0;-1
13925;0;8;230;276;170;0;-1
13926;0;8;126;382;170;0;-1
13927;0;8;128;463;170;0;-1
13928;0;8;961;503;171;0;-1
13929;0;8;121;530;170;0;-1
13930;0;8;105;539;170;0;-1
13931;1;8;68;591;170;0;-1
13932;1;8;47;655;170;0;-1
13933;1;8;935;703;171;0;-1
13934;1;8;949;767;170;0;-1
13935;1;8;912;798;170;0;-1
13936;1;8;925;812;171;0;-1
13937;0;8;57;900;171;0;-1
13938;0;8;445;212;172;0;-1
13939;0;8;325;259;172;0;-1
13940;0;8;260;314;172;0;-1
13941;0;8;778;320;172;0;-1
13942;0;8;179;335;172;0;-1
13943;0;8;854;355;172;0;-1
13944;0;8;872;359;172;0;-1
13945;0;8;934;462;172;0;-1
13946;0;8;126;506;172;0;-1
13947;0;8;89;513;172;0;-1
13948;0;8;887;534;172;0;-1
13949;0;8;915;537;172;0;-1
13950;0;8;46;541;172;0;-1
13951;0;8;119;560;172;0;-1
13952;1;8;51;572;172;0;-1
13953;0;8;953;629;172;0;-1
13954;1;8;37;637;172;0;-1
13955;0;8;916;660;172;0;-1
13956;1;8;30;683;172;0;-1
13957;1;8;56;695;172;0;-1
13958;0;8;598;151;174;0;-1
13959;0;8;294;225;172;0;-1
13960;0;8;658;230;172;0;-1
13961;0;8;783;279;172;0;-1
13962;0;8;733;287;172;0;-1
13963;0;8;186;372;172;0;-1
13964;0;8;188;391;172;0;-1
13965;0;8;867;392;172;0;-1
13966;0;8;139;445;172;0;-1
13967;0;8;919;458;172;0;-1
13968;0;8;97;499;172;0;-1
13969;0;8;62;501;173;0;-1
13970;0;8;953;518;173;0;-1
13971;0;8;138;567;172;0;-1
13972;1;8;24;574;172;0;-1
13973;0;8;898;606;172;0;-1
13974;1;8;95;658;172;0;-1
13975;1;8;69;709;172;0;-1
13976;0;8;470;150;174;0;-1
13977;0;8;575;165;174;0;-1
13978;0;8;624;171;174;0;-1
13979;0;8;476;184;174;0;-1
13980;0;8;359;193;174;0;-1
13981;0;8;752;266;174;0;-1
13982;0;8;843;329;174;0;-1
13983;0;8;889;360;174;0;-1
13984;0;8;832;364;174;0;-1
13985;0;8;895;430;174;0;-1
13986;0;8;80;456;174;0;-1
13987;0;8;927;596;174;0;-1
13988;1;8;915;692;174;0;-1
13989;0;8;954;703;174;0;-1
13990;1;8;94;705;174;0;-1
13991;0;8;959;730;174;0;-1
13992;1;8;942;751;174;0;-1
13993;0;8;504;190;174;0;-1
13994;0;8;565;194;174;0;-1
13995;0;8;625;201;174;0;-1
13996;0;8;718;201;175;0;-1
13997;0;8;588;216;174;0;-1
13998;0;8;452;219;174;0;-1
13999;0;8;339;222;174;0;-1
14000;0;8;758;300;174;0;-1
14001;0;8;949;490;174;0;-1
14002;0;8;891;491;174;0;-1
14003;0;8;954;535;174;0;-1
14004;0;8;101;565;174;0;-1
14005;1;8;32;613;174;0;-1
14006;0;8;434;168;176;0;-1
14007;0;8;652;192;176;0;-1
14008;0;8;384;237;176;0;-1
14009;0;8;274;252;176;0;-1
14010;0;8;130;394;176;0;-1
14011;0;8;839;396;176;0;-1
14012;0;8;149;400;176;0;-1
14013;0;8;855;408;176;0;-1
14014;0;8;96;469;176;0;-1
14015;0;8;62;542;176;0;-1
14016;1;8;77;650;176;0;-1
14017;1;8;82;677;176;0;-1
14018;1;8;45;682;176;0;-1
14019;1;8;921;790;176;0;-1
14020;0;8;411;161;176;0;-1
14021;0;8;521;164;178;0;-1
14022;0;8;332;200;176;0;-1
14023;0;8;239;286;176;0;-1
14024;0;8;813;289;176;0;-1
14025;0;8;200;290;176;0;-1
14026;0;8;845;297;176;0;-1
14027;0;8;212;333;176;0;-1
14028;0;8;172;348;176;0;-1
14029;0;8;890;399;176;0;-1
14030;0;8;96;423;176;0;-1
14031;0;8;73;480;176;0;-1
14032;0;8;144;505;177;0;-1
14033;1;8;40;566;176;0;-1
14034;0;8;975;586;176;0;-1
14035;1;8;87;624;176;0;-1
14036;0;8;673;182;178;0;-1
14037;0;8;305;200;178;0;-1
14038;0;8;668;243;178;0;-1
14039;0;8;301;260;178;0;-1
14040;0;8;185;288;178;0;-1
14041;0;8;808;348;178;0;-1
14042;0;8;200;363;178;0;-1
14043;0;8;913;405;178;0;-1
14044;0;8;90;408;178;0;-1
14045;0;8;133;410;178;0;-1
14046;0;8;881;433;178;0;-1
14047;0;8;152;434;178;0;-1
14048;0;8;922;475;178;0;-1
14049;0;8;892;509;178;0;-1
14050;0;8;69;560;178;0;-1
14051;1;8;7;621;178;0;-1
14052;0;8;550;152;178;0;-1
14053;0;8;301;240;178;0;-1
14054;0;8;238;325;178;0;-1
14055;0;8;137;362;178;0;-1
14056;0;8;890;377;178;0;-1
14057;0;8;867;412;178;0;-1
14058;0;8;906;446;178;0;-1
14059;0;8;50;483;178;0;-1
14060;0;8;79;518;179;0;-1
14061;0;8;911;582;179;0;-1
14062;1;8;22;601;178;0;-1
14063;0;8;975;655;178;0;-1
14064;0;8;611;164;180;0;-1
14065;0;8;498;178;180;0;-1
14066;0;8;635;184;180;0;-1
14067;0;8;664;205;180;0;-1
14068;0;8;539;206;180;0;-1
14069;0;8;701;210;180;0;-1
14070;0;8;745;212;180;0;-1
14071;0;8;374;213;180;0;-1
14072;0;8;586;231;180;0;-1
14073;0;8;350;238;180;0;-1
14074;0;8;247;254;180;0;-1
14075;0;8;252;295;180;0;-1
14076;0;8;210;311;180;0;-1
14077;0;8;911;369;180;0;-1
14078;0;8;217;372;180;0;-1
14079;0;8;929;430;180;0;-1
14080;0;8;117;523;180;0;-1
14081;1;8;19;632;180;0;-1
14082;1;8;24;695;180;0;-1
14083;0;8;955;801;180;0;-1
14084;0;8;572;161;181;0;-1
14085;0;8;637;167;180;0;-1
14086;0;8;533;171;180;0;-1
14087;0;8;428;197;180;0;-1
14088;0;8;622;215;180;0;-1
14089;0;8;762;227;180;0;-1
14090;0;8;427;233;181;0;-1
14091;0;8;220;292;180;0;-1
14092;0;8;185;313;180;0;-1
14093;0;8;814;313;180;0;-1
14094;0;8;164;328;180;0;-1
14095;0;8;103;410;180;0;-1
14096;0;8;915;426;181;0;-1
14097;0;8;917;499;180;0;-1
14098;0;8;868;510;181;0;-1
14099;0;8;40;523;181;0;-1
14100;0;8;24;531;180;0;-1
14101;1;8;30;550;180;0;-1
14102;0;8;934;550;180;0;-1
14103;0;8;947;579;180;0;-1
14104;0;8;961;652;181;0;-1
14105;1;8;948;772;180;0;-1
14106;0;8;455;160;182;0;-1
14107;0;8;524;161;182;0;-1
14108;0;8;384;165;182;0;-1
14109;0;8;598;179;182;0;-1
14110;0;8;484;206;182;0;-1
14111;0;8;313;222;182;0;-1
14112;0;8;372;231;182;0;-1
14113;0;8;251;232;182;0;-1
14114;0;8;816;266;182;0;-1
14115;0;8;275;272;182;0;-1
14116;0;8;145;338;182;0;-1
14117;0;8;168;367;182;0;-1
14118;0;8;110;395;182;0;-1
14119;0;8;926;521;182;0;-1
14120;0;8;91;586;182;0;-1
14121;1;8;55;590;182;0;-1
14122;1;8;76;608;182;0;-1
14123;0;8;22;735;182;0;-1
14124;0;8;939;838;182;0;-1
14125;0;8;494;155;182;0;-1
14126;0;8;658;158;182;0;-1
14127;0;8;403;175;182;0;-1
14128;0;8;717;230;182;0;-1
14129;0;8;218;270;182;0;-1
14130;0;8;66;468;182;0;-1
14131;0;8;55;514;182;0;-1
14132;0;8;939;599;182;0;-1
14133;1;8;19;675;183;0;-1
14134;0;8;43;901;182;0;-1
14135;0;8;451;185;184;0;-1
14136;0;8;805;256;184;0;-1
14137;0;8;300;272;184;0;-1
14138;0;8;182;300;184;0;-1
14139;0;8;848;334;184;0;-1
14140;0;8;187;335;184;0;-1
14141;0;8;170;349;184;0;-1
14142;0;8;207;351;184;0;-1
14143;0;8;128;368;184;0;-1
14144;0;8;822;394;184;0;-1
14145;0;8;78;455;184;0;-1
14146;0;8;948;540;184;0;-1
14147;1;8;28;577;184;0;-1
14148;1;8;14;654;184;0;-1
14149;0;8;573;177;185;0;-1
14150;0;8;360;193;185;0;-1
14151;0;8;652;221;184;0;-1
14152;0;8;270;231;184;0;-1
14153;0;8;325;251;184;0;-1
14154;0;8;279;253;185;0;-1
14155;0;8;241;308;185;0;-1
14156;0;8;802;308;185;0;-1
14157;0;8;131;390;185;0;-1
14158;0;8;122;428;184;0;-1
14159;0;8;65;497;184;0;-1
14160;1;8;69;632;184;0;-1
14161;1;8;39;648;184;0;-1
14162;0;8;959;685;184;0;-1
14163;0;8;478;171;186;0;-1
14164;0;8;333;190;186;0;-1
14165;0;8;695;215;186;0;-1
14166;0;8;680;230;186;0;-1
14167;0;8;733;272;186;0;-1
14168;0;8;186;358;186;0;-1
14169;0;8;162;386;186;0;-1
14170;0;8;917;397;186;0;-1
14171;0;8;117;407;186;0;-1
14172;0;8;99;484;186;0;-1
14173;1;8;48;546;186;0;-1
14174;0;8;967;547;186;0;-1
14175;1;8;16;613;186;0;-1
14176;0;8;957;671;186;0;-1
14177;0;8;933;672;186;0;-1
14178;0;8;342;170;186;0;-1
14179;0;8;659;176;186;0;-1
14180;0;8;692;185;186;0;-1
14181;0;8;520;194;186;0;-1
14182;0;8;403;206;186;0;-1
14183;0;8;781;308;187;0;-1
14184;0;8;875;355;187;0;-1
14185;0;8;836;356;186;0;-1
14186;0;8;905;442;186;0;-1
14187;0;8;121;454;186;0;-1
14188;0;8;101;460;186;0;-1
14189;0;8;941;468;186;0;-1
14190;0;8;87;510;186;0;-1
14191;0;8;64;523;186;0;-1
14192;1;8;51;666;186;0;-1
14193;1;8;966;761;186;0;-1
14194;0;8;23;877;186;0;-1
14195;0;8;459;161;188;0;-1
14196;0;8;380;199;188;0;-1
14197;0;8;766;206;188;0;-1
14198;0;8;290;207;188;0;-1
14199;0;8;331;218;188;0;-1
14200;0;8;558;218;188;0;-1
14201;0;8;295;223;188;0;-1
14202;0;8;695;248;188;0;-1
14203;0;8;784;261;188;0;-1
14204;0;8;200;279;188;0;-1
14205;0;8;242;285;188;0;-1
14206;0;8;858;307;188;0;-1
14207;0;8;176;315;188;0;-1
14208;0;8;827;342;188;0;-1
14209;0;8;156;359;188;0;-1
14210;0;8;934;404;188;0;-1
14211;0;8;83;425;188;0;-1
14212;0;8;919;462;188;0;-1
14213;0;8;919;544;188;0;-1
14214;0;8;973;598;188;0;-1
14215;0;8;67;700;188;0;-1
14216;0;8;1;778;188;0;-1
14217;0;8;514;147;188;0;-1
14218;0;8;428;150;188;0;-1
14219;0;8;583;156;188;0;-1
14220;0;8;513;167;189;0;-1
14221;0;8;382;183;190;0;-1
14222;0;8;417;188;188;0;-1
14223;0;8;562;198;188;0;-1
14224;0;8;637;206;188;0;-1
14225;0;8;605;224;188;0;-1
14226;0;8;773;234;188;0;-1
14227;0;8;231;249;188;0;-1
14228;0;8;805;275;188;0;-1
14229;0;8;781;286;188;0;-1
14230;0;8;832;294;188;0;-1
14231;0;8;873;379;188;0;-1
14232;0;8;946;447;188;0;-1
14233;0;8;54;481;188;0;-1
14234;0;8;101;550;188;0;-1
14235;1;8;12;569;188;0;-1
14236;0;8;984;608;189;0;-1
14237;1;8;37;609;188;0;-1
14238;1;8;1;686;188;0;-1
14239;0;8;414;139;190;0;-1
14240;0;8;556;145;190;0;-1
14241;0;8;476;147;190;0;-1
14242;0;8;488;159;190;0;-1
14243;0;8;486;184;190;0;-1
14244;0;8;313;199;190;0;-1
14245;0;8;736;199;190;0;-1
14246;0;8;602;203;190;0;-1
14247;0;8;787;236;190;0;-1
14248;0;8;234;269;190;0;-1
14249;0;8;243;285;190;0;-1
14250;0;8;115;366;190;0;-1
14251;0;8;883;448;190;0;-1
14252;0;8;936;486;190;0;-1
14253;0;8;77;570;190;0;-1
14254;1;8;14;641;190;0;-1
14255;0;8;397;161;190;0;-1
14256;0;8;433;208;190;0;-1
14257;0;8;271;216;190;0;-1
14258;0;8;773;233;190;0;-1
14259;0;8;161;311;190;0;-1
14260;0;8;99;412;190;0;-1
14261;0;8;101;459;190;0;-1
14262;0;8;959;591;190;0;-1
14263;0;8;73;601;190;0;-1
14264;0;8;711;190;192;0;-1
14265;0;8;674;194;192;0;-1
14266;0;8;873;326;192;0;-1
14267;0;8;898;373;192;0;-1
14268;0;8;113;401;192;0;-1
14269;0;8;933;425;192;0;-1
14270;0;8;37;489;192;0;-1
14271;0;8;106;499;192;0;-1
14272;0;8;965;562;192;0;-1
14273;0;8;90;602;192;0;-1
14274;1;8;72;660;192;0;-1
14275;0;8;729;180;193;0;-1
14276;0;8;297;243;192;0;-1
14277;0;8;204;256;192;0;-1
14278;0;8;752;265;193;0;-1
14279;0;8;757;279;192;0;-1
14280;0;8;890;340;192;0;-1
14281;0;8;135;369;192;0;-1
14282;0;8;87;470;192;0;-1
14283;1;8;37;689;192;0;-1
14284;1;8;17;708;192;0;-1
14285;0;8;611;146;194;0;-1
14286;0;8;517;186;194;0;-1
14287;0;8;619;186;194;0;-1
14288;0;8;548;211;194;0;-1
14289;0;8;173;291;194;0;-1
14290;0;8;198;309;194;0;-1
14291;0;8;100;438;194;0;-1
14292;0;8;959;473;194;0;-1
14293;0;8;902;475;194;0;-1
14294;0;8;968;518;194;0;-1
14295;1;8;967;712;194;0;-1
14296;0;8;317;200;195;0;-1
14297;0;8;891;340;194;0;-1
14298;0;8;68;437;195;0;-1
14299;1;8;7;586;194;0;-1
14300;1;8;53;632;194;0;-1
14301;0;8;482;124;196;0;-1
14302;0;8;442;126;196;0;-1
14303;0;8;541;128;196;0;-1
14304;0;8;611;133;196;0;-1
14305;0;8;463;134;196;0;-1
14306;0;8;564;136;196;0;-1
14307;0;8;520;137;196;0;-1
14308;0;8;363;142;196;0;-1
14309;0;8;397;148;196;0;-1
14310;0;8;637;148;196;0;-1
14311;0;8;447;150;196;0;-1
14312;0;8;546;152;196;0;-1
14313;0;8;379;155;196;0;-1
14314;0;8;597;159;196;0;-1
14315;0;8;421;160;196;0;-1
14316;0;8;346;162;196;0;-1
14317;0;8;680;162;196;0;-1
14318;0;8;631;168;196;0;-1
14319;0;8;361;169;196;0;-1
14320;0;8;547;170;196;0;-1
14321;0;8;334;172;196;0;-1
14322;0;8;702;173;196;0;-1
14323;0;8;676;174;196;0;-1
14324;0;8;591;177;196;0;-1
14325;0;8;315;180;196;0;-1
14326;0;8;347;180;196;0;-1
14327;0;8;298;187;196;0;-1
14328;0;8;281;191;196;0;-1
14329;0;8;715;191;196;0;-1
14330;0;8;717;192;196;0;-1
14331;0;8;402;193;196;0;-1
14332;0;8;347;203;196;0;-1
14333;0;8;697;206;196;0;-1
14334;0;8;362;213;196;0;-1
14335;0;8;758;214;196;0;-1
14336;0;8;654;215;196;0;-1
